"","Name","Chromosome","Position"
"56","ss1235973898","01","4778010"
"140","ss1235974184","01","51305591"
"141","ss1235974186","01","51320677"
"143","ss1235974193","01","51781178"
"145","ss1235974197","01","52207763"
"151","ss1235974211","01","52400089"
"152","ss1235974213","01","53462529"
"153","ss1235974219","01","53523589"
"154","ss1235974221","01","53529233"
"155","ss1235974223","01","53546183"
"156","ss1235974228","01","53557884"
"157","ss1235974230","01","53574144"
"158","ss1235974231","01","53584853"
"159","ss1235974233","01","53596499"
"160","ss1235974235","01","53613557"
"161","ss1235974237","01","53630809"
"162","ss1235974239","01","53837974"
"164","ss1235974251","01","56412818"
"165","ss1235974253","01","56486972"
"166","ss1235974255","01","56540433"
"167","ss1235974257","01","56567646"
"168","ss1235974259","01","56580529"
"169","ss1235974261","01","56588845"
"170","ss1235974263","01","56608945"
"171","ss1235974265","01","56616901"
"172","ss1235974267","01","56625716"
"173","ss1235974269","01","56635281"
"174","ss1235974270","01","56642262"
"175","ss1235974272","01","56647826"
"176","ss1235974274","01","56654277"
"177","ss1235974278","01","56682355"
"178","ss1235974280","01","56692629"
"179","ss1235974282","01","56699177"
"180","ss1235974285","01","56712705"
"181","ss1235974287","01","56720355"
"182","ss1235974290","01","56732125"
"183","ss1235974292","01","56739166"
"184","ss1235974294","01","56748109"
"185","ss1235974296","01","56760246"
"186","ss1235974301","01","56784656"
"187","ss1235974303","01","56796876"
"188","ss1235974308","01","56819072"
"191","ss1235974322","02","10181444"
"192","ss1235974325","02","10232301"
"193","ss1235974328","02","10260730"
"194","ss1235974331","02","10284401"
"195","ss1235974334","02","10299254"
"196","ss1235974337","02","10314466"
"197","ss1235974340","02","10345614"
"198","ss1235974342","02","10366822"
"199","ss1235974346","02","10414241"
"200","ss1235974348","02","10438975"
"201","ss1235974363","02","10622399"
"202","ss1235974365","02","10713988"
"203","ss1235974368","02","10776034"
"204","ss1235974374","02","10807688"
"205","ss1235974376","02","10848909"
"206","ss1235974379","02","10867609"
"207","ss1235974382","02","10882754"
"208","ss1235974388","02","10943963"
"209","ss1235974391","02","10961508"
"210","ss1235974394","02","11007632"
"211","ss1235974400","02","11045315"
"212","ss1235974402","02","11065916"
"213","ss1235974404","02","11082335"
"214","ss1235974409","02","11164806"
"215","ss1235974412","02","11182584"
"216","ss1235974415","02","11231799"
"217","ss1235974417","02","11270438"
"218","ss1235974419","02","11302894"
"219","ss1235974422","02","11335806"
"220","ss1235974430","02","11714939"
"221","ss1235974434","02","11758097"
"222","ss1235974437","02","11801602"
"223","ss1235974442","02","11847320"
"224","ss1235974445","02","11871819"
"225","ss1235974448","02","11961549"
"226","ss1235974450","02","12057489"
"227","ss1235974456","02","12365390"
"228","ss1235974459","02","12386478"
"229","ss1235974462","02","12406072"
"230","ss1235974542","02","12453892"
"231","ss1235974545","02","12477722"
"232","ss1235974548","02","12497489"
"233","ss1235974550","02","12578285"
"239","ss1235974577","02","14102777"
"240","ss1235974580","02","14120423"
"241","ss1235974583","02","14137296"
"242","ss1235974589","02","14206854"
"243","ss1235974592","02","14234541"
"244","ss1235974610","02","14249467"
"245","ss1235974613","02","14273908"
"252","ss1235974633","02","14719680"
"253","ss1235974636","02","14751819"
"254","ss1235974639","02","14789402"
"255","ss1235974642","02","14895660"
"256","ss1235974645","02","14934401"
"257","ss1235974648","02","14962367"
"259","ss1235974653","02","15409959"
"274","ss1235974702","02","4045831"
"278","ss1235974705","02","4150201"
"279","ss1235974745","02","41645060"
"280","ss1235974750","02","42155072"
"281","ss1235974756","02","42224051"
"282","ss1235974759","02","42291493"
"284","ss1235974764","02","42328193"
"285","ss1235974770","02","42376646"
"287","ss1235974775","02","42423800"
"288","ss1235974782","02","42477089"
"290","ss1235974790","02","42563274"
"291","ss1235974793","02","42616938"
"297","ss1235974816","02","42809359"
"298","ss1235974818","02","42858056"
"306","ss1235974723","02","4380781"
"307","ss1235974857","02","44265572"
"308","ss1235974731","02","4428108"
"309","ss1235974860","02","44295329"
"310","ss1235974866","02","44389664"
"311","ss1235974869","02","44425199"
"312","ss1235974871","02","44453691"
"313","ss1235974737","02","4446527"
"314","ss1235974874","02","44505926"
"315","ss1235974877","02","44597245"
"316","ss1235974880","02","44716147"
"317","ss1235974882","02","44760279"
"318","ss1235974889","02","44796356"
"319","ss1235974897","02","45038561"
"320","ss1235974899","02","45076635"
"321","ss1235974900","02","45114632"
"322","ss1235974904","02","45147334"
"323","ss1235974908","02","45214003"
"324","ss1235974910","02","45241458"
"325","ss1235974912","02","45266672"
"326","ss1235974914","02","45293167"
"327","ss1235974916","02","45481961"
"328","ss1235974917","02","45505435"
"329","ss1235974919","02","45546621"
"330","ss1235974923","02","45613940"
"331","ss1235974925","02","45631163"
"332","ss1235974929","02","46065059"
"333","ss1235974932","02","46245721"
"334","ss1235974936","02","46294190"
"335","ss1235974937","02","46319428"
"336","ss1235974938","02","46341028"
"337","ss1235974941","02","46380932"
"338","ss1235974943","02","46396698"
"339","ss1235974945","02","46417998"
"340","ss1235974947","02","46434413"
"341","ss1235974949","02","46464494"
"342","ss1235974959","02","46912328"
"343","ss1235974961","02","46948328"
"344","ss1235974845","02","4708761"
"345","ss1235974966","02","47124597"
"346","ss1235974968","02","47148852"
"347","ss1235974970","02","47168791"
"348","ss1235974971","02","47189097"
"351","ss1235974986","02","47431083"
"352","ss1235974848","02","4765267"
"353","ss1235974895","02","4862451"
"355","ss1235974927","02","4959967"
"356","ss1235974930","02","4985684"
"357","ss1235974953","02","5031630"
"358","ss1235974957","02","5054610"
"359","ss1235974979","02","5096021"
"360","ss1235974996","02","5262490"
"361","ss1235974997","02","5287115"
"362","ss1235974999","02","5321601"
"363","ss1235975003","02","5359326"
"364","ss1235975007","02","5420644"
"365","ss1235975011","02","5470069"
"366","ss1235975013","02","5489507"
"367","ss1235975015","02","5503066"
"368","ss1235975016","02","5525567"
"369","ss1235975022","02","5555227"
"370","ss1235975024","02","5588023"
"371","ss1235975026","02","5623787"
"373","ss1235975030","02","5678838"
"374","ss1235975039","02","5711648"
"375","ss1235975041","02","5753667"
"376","ss1235975045","02","5803974"
"378","ss1235975051","02","5872373"
"379","ss1235975053","02","5893075"
"380","ss1235975055","02","5909308"
"381","ss1235975063","02","5989258"
"382","ss1235975065","02","6005809"
"383","ss1235975069","02","6070390"
"384","ss1235975071","02","6086859"
"385","ss1235975073","02","6124738"
"386","ss1235975075","02","6153009"
"387","ss1235975079","02","6225009"
"388","ss1235975083","02","6274275"
"389","ss1235975085","02","6327737"
"390","ss1235975087","02","6362970"
"391","ss1235975091","02","6406240"
"392","ss1235975093","02","6433769"
"393","ss1235975095","02","6472656"
"394","ss1235975097","02","6493266"
"395","ss1235975099","02","6511812"
"396","ss1235975101","02","6532019"
"397","ss1235975103","02","6549303"
"398","ss1235975105","02","6572325"
"399","ss1235975109","02","6605936"
"400","ss1235975113","02","6640715"
"401","ss1235975122","02","7031201"
"402","ss1235975124","02","7062630"
"403","ss1235975126","02","7104809"
"405","ss1235975131","02","7367210"
"406","ss1235975133","02","7438344"
"408","ss1235975143","02","7929061"
"410","ss1235975152","02","8015339"
"412","ss1235975164","02","8156489"
"413","ss1235975166","02","8171835"
"415","ss1235975170","02","8244336"
"416","ss1235975173","02","8268667"
"418","ss1235975178","02","8317272"
"419","ss1235975181","02","8342668"
"420","ss1235975184","02","8377869"
"421","ss1235975189","02","8462866"
"422","ss1235975191","02","8487945"
"425","ss1235975209","03","10067608"
"426","ss1235975207","03","1063027"
"427","ss1235975221","03","10760293"
"428","ss1235975212","03","1078415"
"430","ss1235975218","03","1133916"
"431","ss1235975224","03","1151120"
"432","ss1235975227","03","1226351"
"433","ss1235975230","03","1298406"
"434","ss1235975359","03","13231884"
"435","ss1235975235","03","1355685"
"437","ss1235975247","03","139472"
"438","ss1235975241","03","1401664"
"439","ss1235975249","03","1426417"
"441","ss1235975244","03","15698859"
"442","ss1235975260","03","1577697"
"443","ss1235975263","03","1598413"
"445","ss1235975354","03","16852562"
"446","ss1235975268","03","1688862"
"447","ss1235975274","03","172048"
"448","ss1235975307","03","18011969"
"449","ss1235975304","03","18122822"
"450","ss1235975297","03","18381272"
"451","ss1235975288","03","1875620"
"452","ss1235975290","03","1892378"
"453","ss1235975294","03","192022"
"456","ss1235975310","03","1987776"
"457","ss1235975324","03","2078116"
"458","ss1235975327","03","2096155"
"459","ss1235975349","03","215829"
"460","ss1235975343","03","2162466"
"462","ss1235975363","03","230382"
"463","ss1235975369","03","2428982"
"464","ss1235975372","03","247749"
"465","ss1235975375","03","274432"
"470","ss1235975385","03","293598"
"471","ss1235975378","03","2949517"
"472","ss1235975394","03","3025864"
"473","ss1235975397","03","3054186"
"474","ss1235975400","03","3068301"
"475","ss1235975417","03","3106614"
"480","ss1235975449","03","330474"
"482","ss1235975496","03","33553037"
"491","ss1235975487","03","3548144"
"492","ss1235975493","03","3573739"
"493","ss1235975509","03","3645967"
"496","ss1235975517","03","3679985"
"502","ss1235975542","03","3855796"
"503","ss1235975548","03","3872332"
"504","ss1235975563","03","3935973"
"505","ss1235975585","03","41335531"
"506","ss1235975597","03","42438340"
"507","ss1235975600","03","42462897"
"508","ss1235975607","03","42515717"
"509","ss1235975582","03","425209"
"510","ss1235975610","03","42567548"
"511","ss1235975603","03","4260809"
"512","ss1235975613","03","42650140"
"513","ss1235975616","03","42680253"
"514","ss1235975625","03","42753528"
"515","ss1235975628","03","42774572"
"516","ss1235975631","03","42796399"
"517","ss1235975637","03","42836055"
"518","ss1235975641","03","42889191"
"519","ss1235975643","03","42919846"
"520","ss1235975644","03","42944649"
"521","ss1235975652","03","43015663"
"522","ss1235975656","03","43033576"
"523","ss1235975646","03","4305173"
"524","ss1235975659","03","43075416"
"525","ss1235975668","03","43119048"
"526","ss1235975671","03","43137141"
"527","ss1235975674","03","43162020"
"528","ss1235975677","03","43187878"
"529","ss1235975681","03","43203705"
"530","ss1235975687","03","43261582"
"531","ss1235975690","03","43285747"
"532","ss1235975692","03","43307071"
"533","ss1235975695","03","43320470"
"534","ss1235975698","03","43335483"
"535","ss1235975704","03","43357942"
"536","ss1235975707","03","43380928"
"537","ss1235975710","03","43409009"
"538","ss1235975713","03","43430759"
"539","ss1235975701","03","4345243"
"540","ss1235975720","03","43485660"
"541","ss1235975724","03","43512609"
"542","ss1235975726","03","43526265"
"543","ss1235975735","03","43730872"
"544","ss1235975739","03","43762337"
"545","ss1235975742","03","43826777"
"546","ss1235975745","03","43849572"
"547","ss1235975748","03","43872745"
"570","ss1235975848","03","4664429"
"571","ss1235975851","03","4693776"
"572","ss1235975854","03","4711646"
"573","ss1235975857","03","4738564"
"574","ss1235975860","03","4752227"
"575","ss1235975863","03","4774596"
"576","ss1235975866","03","4942452"
"577","ss1235975868","03","4975232"
"578","ss1235975871","03","4994189"
"579","ss1235975874","03","5008999"
"580","ss1235975880","03","5028321"
"581","ss1235975883","03","5044955"
"582","ss1235975886","03","5062873"
"585","ss1235975898","03","5142391"
"587","ss1235975907","03","5196485"
"589","ss1235975916","03","5279663"
"590","ss1235975919","03","5313201"
"591","ss1235975925","03","5352570"
"592","ss1235975928","03","5368494"
"593","ss1235975940","03","5595801"
"595","ss1235975946","03","5647931"
"597","ss1235975934","03","5767623"
"599","ss1235975955","03","587640"
"602","ss1235975976","03","6367050"
"603","ss1235975970","03","6447195"
"604","ss1235975978","03","6473474"
"606","ss1235975984","03","6625426"
"607","ss1235975987","03","6687834"
"608","ss1235975990","03","6920753"
"609","ss1235975997","03","7013746"
"610","ss1235976003","03","7138914"
"612","ss1235976014","03","7534270"
"614","ss1235976026","03","7688949"
"615","ss1235976033","03","7840878"
"617","ss1235975993","03","8046"
"618","ss1235976054","03","8459508"
"619","ss1235976039","03","853885"
"620","ss1235976061","03","8734764"
"621","ss1235976064","03","962035"
"622","ss1235975333","04","11352819"
"630","ss1235976110","04","44638801"
"631","ss1235976116","04","44650410"
"632","ss1235976126","04","44671212"
"633","ss1235976129","04","44676891"
"634","ss1235976132","04","44683543"
"635","ss1235976135","04","44686449"
"636","ss1235976138","04","44691001"
"637","ss1235976147","04","44718006"
"638","ss1235976151","04","44724290"
"639","ss1235976154","04","44729314"
"640","ss1235976157","04","44732244"
"641","ss1235976160","04","44738649"
"642","ss1235976163","04","44742158"
"643","ss1235976166","04","44749921"
"644","ss1235976169","04","44760516"
"645","ss1235976172","04","44763526"
"646","ss1235976175","04","44769629"
"647","ss1235976178","04","44775119"
"648","ss1235976182","04","44853235"
"649","ss1235976185","04","44860225"
"650","ss1235976191","04","44876548"
"651","ss1235976194","04","44880433"
"652","ss1235976197","04","44896467"
"653","ss1235976200","04","44900882"
"654","ss1235976203","04","44925074"
"655","ss1235976207","04","44935156"
"656","ss1235976213","04","44946571"
"657","ss1235976216","04","44949304"
"658","ss1235976228","04","44989495"
"659","ss1235976232","04","45024027"
"660","ss1235976235","04","45034376"
"661","ss1235976238","04","45041491"
"662","ss1235976245","04","45083132"
"663","ss1235976248","04","45085934"
"664","ss1235976254","04","45093884"
"665","ss1235976262","04","45113292"
"666","ss1235976265","04","45128837"
"667","ss1235976267","04","45137508"
"668","ss1235976269","04","45141316"
"669","ss1235976274","04","45160468"
"670","ss1235976277","04","45165903"
"671","ss1235976283","04","45186118"
"672","ss1235976287","04","45194872"
"673","ss1235976290","04","45200568"
"674","ss1235976296","04","45223507"
"675","ss1235976299","04","45228760"
"676","ss1235976302","04","45234196"
"677","ss1235976304","04","45247312"
"678","ss1235976306","04","45254619"
"679","ss1235976308","04","45266740"
"680","ss1235976312","04","45287886"
"681","ss1235976314","04","45297699"
"682","ss1235976316","04","45300549"
"683","ss1235976321","04","45312358"
"684","ss1235976323","04","45320088"
"685","ss1235976326","04","45337339"
"686","ss1235976332","04","45347872"
"687","ss1235976334","04","45354326"
"688","ss1235976336","04","45357435"
"689","ss1235976339","04","45361735"
"690","ss1235976342","04","45368110"
"691","ss1235976345","04","45373594"
"692","ss1235976347","04","45377210"
"693","ss1235976350","04","45386902"
"694","ss1235976354","04","45395475"
"695","ss1235976357","04","45404191"
"696","ss1235976363","04","45421300"
"697","ss1235976366","04","45426696"
"698","ss1235976372","04","45439225"
"699","ss1235976376","04","45441963"
"700","ss1235976379","04","45446423"
"701","ss1235976385","04","45488714"
"702","ss1235976387","04","45491824"
"703","ss1235976390","04","45507057"
"704","ss1235976393","04","45510317"
"705","ss1235976398","04","45525583"
"706","ss1235976412","04","49401809"
"708","ss1235976425","04","49460952"
"709","ss1235976428","04","49488362"
"736","ss1235976551","04","51032572"
"737","ss1235976553","04","51038323"
"738","ss1235976556","04","51043854"
"739","ss1235976559","04","51046862"
"740","ss1235976562","04","51060783"
"741","ss1235976566","04","51064051"
"742","ss1235976569","04","51068884"
"743","ss1235976571","04","51082379"
"744","ss1235976574","04","51089317"
"748","ss1235976595","04","51256238"
"749","ss1235976598","04","51286300"
"750","ss1235976601","04","51308061"
"751","ss1235976608","04","51332606"
"752","ss1235976611","04","51335430"
"759","ss1235976634","04","5202780"
"762","ss1235976636","04","5234565"
"763","ss1235976638","04","5314249"
"764","ss1235976640","04","5322264"
"765","ss1235976642","04","5903949"
"766","ss1235976644","04","5907721"
"767","ss1235976646","04","6013841"
"768","ss1235976648","04","6057831"
"769","ss1235976651","04","6063038"
"770","ss1235976658","04","6076228"
"771","ss1235976661","04","6083160"
"772","ss1235976666","04","6092262"
"773","ss1235976669","04","6119423"
"774","ss1235976672","04","6122539"
"775","ss1235976675","04","6129885"
"776","ss1235976678","04","6135167"
"777","ss1235976681","04","6140492"
"778","ss1235976684","04","6145225"
"779","ss1235976690","04","6152271"
"780","ss1235976693","04","6158115"
"781","ss1235976702","04","6169542"
"782","ss1235976705","04","6180977"
"790","ss1235977577","05","172629"
"791","ss1235977574","05","190516"
"792","ss1235977599","05","20534"
"796","ss1235977507","05","2280497"
"797","ss1235977510","05","2295305"
"798","ss1235977513","05","2332627"
"799","ss1235977568","05","234355"
"800","ss1235977522","05","2396629"
"801","ss1235977524","05","2424436"
"802","ss1235977527","05","2440984"
"803","ss1235977533","05","2534379"
"812","ss1235977564","05","289992"
"814","ss1235976799","05","2933180"
"815","ss1235976802","05","2993835"
"816","ss1235976808","05","3040462"
"817","ss1235976811","05","3065165"
"818","ss1235976814","05","3092275"
"819","ss1235976823","05","3145925"
"838","ss1235976919","05","35163430"
"839","ss1235976928","05","35213353"
"840","ss1235976931","05","35232059"
"841","ss1235976934","05","35254130"
"842","ss1235976938","05","35268299"
"895","ss1235977540","05","394903"
"897","ss1235977388","05","39513987"
"898","ss1235977385","05","39527445"
"899","ss1235977383","05","39540808"
"900","ss1235977379","05","39557582"
"901","ss1235977376","05","39577904"
"902","ss1235977373","05","39600232"
"903","ss1235977370","05","39621840"
"904","ss1235977367","05","39639790"
"905","ss1235977364","05","39675923"
"906","ss1235977361","05","39690664"
"907","ss1235977358","05","39706199"
"908","ss1235977352","05","39744046"
"909","ss1235977350","05","39759696"
"910","ss1235977344","05","39791394"
"911","ss1235977341","05","39814902"
"912","ss1235977316","05","39830528"
"913","ss1235977313","05","39843133"
"914","ss1235977310","05","39865110"
"915","ss1235977307","05","39885811"
"916","ss1235977301","05","39928684"
"917","ss1235977299","05","39955711"
"918","ss1235977296","05","39972910"
"919","ss1235977293","05","39985784"
"920","ss1235977290","05","40016535"
"921","ss1235977288","05","40039726"
"922","ss1235977272","05","40090654"
"923","ss1235977265","05","40141719"
"924","ss1235977262","05","40157634"
"925","ss1235977259","05","40179168"
"926","ss1235977257","05","40199785"
"927","ss1235977251","05","40237367"
"928","ss1235977248","05","40254625"
"929","ss1235977242","05","40297053"
"930","ss1235977239","05","40318532"
"931","ss1235977236","05","40420606"
"932","ss1235977233","05","40549732"
"933","ss1235977230","05","40568745"
"934","ss1235977227","05","40596431"
"935","ss1235977224","05","40612392"
"936","ss1235977220","05","40629159"
"937","ss1235977217","05","40653237"
"938","ss1235977215","05","40666921"
"939","ss1235977212","05","40679266"
"940","ss1235977209","05","40699369"
"941","ss1235977206","05","40717419"
"942","ss1235977203","05","40728628"
"943","ss1235977197","05","40781424"
"944","ss1235977193","05","40792399"
"945","ss1235977190","05","40816372"
"946","ss1235977182","05","40873210"
"947","ss1235977179","05","40890653"
"948","ss1235977173","05","40924676"
"949","ss1235977170","05","40936049"
"950","ss1235977167","05","40958217"
"951","ss1235977161","05","40987825"
"952","ss1235977158","05","41005190"
"953","ss1235977155","05","41018284"
"955","ss1235977146","05","41074800"
"956","ss1235977144","05","41094617"
"957","ss1235977141","05","41113831"
"958","ss1235977138","05","41128786"
"959","ss1235977131","05","41190663"
"960","ss1235977129","05","41220905"
"961","ss1235977122","05","41265877"
"962","ss1235977119","05","41278952"
"963","ss1235977116","05","41306558"
"964","ss1235977110","05","41352910"
"965","ss1235977107","05","41386957"
"966","ss1235977104","05","41408581"
"967","ss1235977093","05","41482035"
"968","ss1235977090","05","41527811"
"969","ss1235977084","05","41589977"
"970","ss1235977079","05","41664799"
"971","ss1235977077","05","41680815"
"972","ss1235977075","05","41696255"
"973","ss1235977073","05","41713323"
"974","ss1235977070","05","41910334"
"975","ss1235977067","05","41962331"
"977","ss1235976897","05","4728345"
"978","ss1235977596","05","47791"
"979","ss1235976900","05","4859303"
"980","ss1235976904","05","4938108"
"981","ss1235976910","05","5196599"
"982","ss1235976926","05","5210013"
"983","ss1235977011","05","5365559"
"984","ss1235977017","05","5377941"
"986","ss1235977469","05","5905686"
"987","ss1235977483","05","6077456"
"988","ss1235977486","05","6352583"
"989","ss1235977489","05","6473816"
"990","ss1235977492","05","6509277"
"991","ss1235977495","05","6549277"
"992","ss1235977590","05","86517"
"1000","ss1235977642","06","11651246"
"1001","ss1235977646","06","11657849"
"1002","ss1235977648","06","11658001"
"1003","ss1235977650","06","11673565"
"1004","ss1235977656","06","11676480"
"1005","ss1235977660","06","11687480"
"1006","ss1235977666","06","11721439"
"1007","ss1235977669","06","11725151"
"1008","ss1235977672","06","11728261"
"1009","ss1235977675","06","11735485"
"1010","ss1235977679","06","11755372"
"1011","ss1235977682","06","11764316"
"1012","ss1235977685","06","11765427"
"1013","ss1235977692","06","11773793"
"1014","ss1235977697","06","11803252"
"1015","ss1235977700","06","1202241"
"1018","ss1235977713","06","1260852"
"1019","ss1235977719","06","1263280"
"1020","ss1235977722","06","1263496"
"1021","ss1235977724","06","1264281"
"1022","ss1235977727","06","1264962"
"1023","ss1235977730","06","1265285"
"1024","ss1235977732","06","1265771"
"1025","ss1235977734","06","1266720"
"1026","ss1235977737","06","1268410"
"1027","ss1235977739","06","1269056"
"1028","ss1235977745","06","1270924"
"1029","ss1235977748","06","1271277"
"1030","ss1235977751","06","1272010"
"1031","ss1235977754","06","1272315"
"1032","ss1235977756","06","1272715"
"1033","ss1235977759","06","1272895"
"1034","ss1235977764","06","1275508"
"1035","ss1235977766","06","1277141"
"1036","ss1235977769","06","1278285"
"1037","ss1235977771","06","1283763"
"1038","ss1235977780","06","1287039"
"1039","ss1235977783","06","1288635"
"1040","ss1235977786","06","1292846"
"1041","ss1235977795","06","1296365"
"1042","ss1235977797","06","1301182"
"1043","ss1235977800","06","1307675"
"1044","ss1235977803","06","1308729"
"1045","ss1235977806","06","1310088"
"1046","ss1235977809","06","1311064"
"1047","ss1235977816","06","1323396"
"1048","ss1235977822","06","1338114"
"1058","ss1235977847","06","1369843"
"1059","ss1235977853","06","1371426"
"1063","ss1235977875","06","1401260"
"1065","ss1235977886","06","1420798"
"1069","ss1235977902","06","1529677"
"1091","ss1235977942","06","17212686"
"1092","ss1235977943","06","17215594"
"1093","ss1235977944","06","17222734"
"1094","ss1235977945","06","17226922"
"1095","ss1235977946","06","17227282"
"1096","ss1235977947","06","17230591"
"1097","ss1235977948","06","17231288"
"1098","ss1235977949","06","17231968"
"1099","ss1235977950","06","17237199"
"1100","ss1235977951","06","17239721"
"1101","ss1235977953","06","17249484"
"1102","ss1235977954","06","17250695"
"1103","ss1235977955","06","17252050"
"1104","ss1235977956","06","17253166"
"1105","ss1235977957","06","17253820"
"1106","ss1235977958","06","17254837"
"1107","ss1235977959","06","17261199"
"1108","ss1235977960","06","17262573"
"1109","ss1235977961","06","17263069"
"1110","ss1235977962","06","17267882"
"1111","ss1235977963","06","17276434"
"1112","ss1235977964","06","17278736"
"1113","ss1235977965","06","17287754"
"1114","ss1235977966","06","17303937"
"1115","ss1235977967","06","17319537"
"1116","ss1235977972","06","17324968"
"1117","ss1235977974","06","17327326"
"1118","ss1235977976","06","17348288"
"1119","ss1235977978","06","17349448"
"1120","ss1235977988","06","17359418"
"1121","ss1235977990","06","17362901"
"1122","ss1235977997","06","17365566"
"1123","ss1235978000","06","17368241"
"1124","ss1235978003","06","17368973"
"1125","ss1235978006","06","17371536"
"1126","ss1235978009","06","17377242"
"1127","ss1235978012","06","17381830"
"1128","ss1235978017","06","17384515"
"1129","ss1235978030","06","17388421"
"1130","ss1235978033","06","17391002"
"1131","ss1235978037","06","17392522"
"1132","ss1235978039","06","17393005"
"1133","ss1235978042","06","17393279"
"1134","ss1235978048","06","17397339"
"1135","ss1235978058","06","17419095"
"1136","ss1235978061","06","17422163"
"1137","ss1235978064","06","17429565"
"1138","ss1235978072","06","17433733"
"1139","ss1235978093","06","17436596"
"1140","ss1235978096","06","17442842"
"1141","ss1235978099","06","17443377"
"1142","ss1235978104","06","17444053"
"1143","ss1235978110","06","17447269"
"1144","ss1235978113","06","17451107"
"1145","ss1235978116","06","17452219"
"1146","ss1235978120","06","17452437"
"1147","ss1235978125","06","17452918"
"1148","ss1235978127","06","17453228"
"1149","ss1235978130","06","17453877"
"1150","ss1235978133","06","17462416"
"1151","ss1235978136","06","17467506"
"1152","ss1235978139","06","17467815"
"1153","ss1235978148","06","17477534"
"1154","ss1235978150","06","17478428"
"1155","ss1235978153","06","17479964"
"1156","ss1235978157","06","17484972"
"1157","ss1235978163","06","17498626"
"1158","ss1235978166","06","17506589"
"1159","ss1235978175","06","17529322"
"1160","ss1235978183","06","17564472"
"1161","ss1235978186","06","17568970"
"1162","ss1235978189","06","17581565"
"1163","ss1235978192","06","17587482"
"1164","ss1235978197","06","17594781"
"1165","ss1235978201","06","17604455"
"1166","ss1235978204","06","17614853"
"1167","ss1235978206","06","17624859"
"1168","ss1235978208","06","17635045"
"1169","ss1235978210","06","17659388"
"1170","ss1235978212","06","17663912"
"1171","ss1235978214","06","17669161"
"1172","ss1235978216","06","17677026"
"1173","ss1235978218","06","17683335"
"1174","ss1235978220","06","17697804"
"1175","ss1235978222","06","17704907"
"1176","ss1235978224","06","17711385"
"1177","ss1235978226","06","17722534"
"1178","ss1235978227","06","17733142"
"1179","ss1235978229","06","17742516"
"1180","ss1235978231","06","17752272"
"1181","ss1235978234","06","17759702"
"1182","ss1235978236","06","17766987"
"1183","ss1235978238","06","17777193"
"1184","ss1235978240","06","17781823"
"1185","ss1235978242","06","17811067"
"1186","ss1235978245","06","17841483"
"1187","ss1235978249","06","17943709"
"1188","ss1235978251","06","17957053"
"1189","ss1235978253","06","17976755"
"1190","ss1235978263","06","18055732"
"1191","ss1235978265","06","18064210"
"1192","ss1235978267","06","18215058"
"1193","ss1235978269","06","18229926"
"1194","ss1235978273","06","18251908"
"1195","ss1235978275","06","18256591"
"1196","ss1235978278","06","18277317"
"1197","ss1235978280","06","18289424"
"1198","ss1235978282","06","18301958"
"1199","ss1235978284","06","18319755"
"1224","ss1235978364","06","7564115"
"1226","ss1235978366","06","7959008"
"1227","ss1235978367","06","7970216"
"1228","ss1235978368","06","7985049"
"1229","ss1235978369","06","8007568"
"1230","ss1235978370","06","8115017"
"1231","ss1235978371","06","8116539"
"1232","ss1235978372","07","1016395"
"1233","ss1235978373","07","1022880"
"1234","ss1235978374","07","1025455"
"1235","ss1235978375","07","1028297"
"1236","ss1235978376","07","1032468"
"1237","ss1235978378","07","1040978"
"1238","ss1235978379","07","1044540"
"1239","ss1235978380","07","1048919"
"1240","ss1235978381","07","1051744"
"1241","ss1235978382","07","1058279"
"1242","ss1235978383","07","1061844"
"1243","ss1235978384","07","1067719"
"1244","ss1235978377","07","107949"
"1245","ss1235978388","07","1090024"
"1246","ss1235978392","07","1102817"
"1247","ss1235978393","07","1109710"
"1248","ss1235978396","07","1126078"
"1249","ss1235978397","07","1130585"
"1250","ss1235978391","07","114823"
"1252","ss1235978399","07","119341"
"1253","ss1235978402","07","123994"
"1254","ss1235978403","07","131376"
"1255","ss1235978406","07","147207"
"1258","ss1235978411","07","156294"
"1260","ss1235978415","07","163995"
"1261","ss1235978420","07","167337"
"1267","ss1235978422","07","175101"
"1271","ss1235978443","07","190008"
"1273","ss1235978460","07","211441"
"1274","ss1235978466","07","219568"
"1275","ss1235978467","07","222942"
"1276","ss1235978471","07","235536"
"1278","ss1235978474","07","238821"
"1279","ss1235978476","07","245509"
"1280","ss1235978478","07","250453"
"1281","ss1235978480","07","254919"
"1285","ss1235978495","07","285432"
"1286","ss1235978497","07","298625"
"1293","ss1235978529","07","324286"
"1296","ss1235978540","07","337484"
"1297","ss1235978542","07","342964"
"1299","ss1235978544","07","346330"
"1300","ss1235978548","07","350449"
"1301","ss1235978550","07","356500"
"1302","ss1235978559","07","365287"
"1303","ss1235978571","07","36852524"
"1305","ss1235978561","07","369686"
"1307","ss1235978569","07","372769"
"1308","ss1235978582","07","379460"
"1309","ss1235978584","07","382477"
"1314","ss1235978578","07","38827"
"1316","ss1235978593","07","389418"
"1321","ss1235978610","07","396377"
"1326","ss1235978616","07","402710"
"1329","ss1235978626","07","40870338"
"1330","ss1235978628","07","40900461"
"1331","ss1235978630","07","40905523"
"1332","ss1235978632","07","40909037"
"1333","ss1235978621","07","409637"
"1334","ss1235978641","07","41160764"
"1335","ss1235978643","07","41230501"
"1336","ss1235978624","07","412757"
"1337","ss1235978649","07","41607866"
"1338","ss1235978639","07","416101"
"1339","ss1235978647","07","420470"
"1344","ss1235978655","07","428316"
"1346","ss1235978669","07","443403"
"1347","ss1235978672","07","47286"
"1348","ss1235978674","07","474152"
"1349","ss1235978676","07","482664"
"1350","ss1235978677","07","4877964"
"1351","ss1235978678","07","488318"
"1352","ss1235978680","07","4890446"
"1353","ss1235978681","07","4899061"
"1354","ss1235978682","07","4905343"
"1355","ss1235978683","07","492079"
"1356","ss1235978684","07","4951196"
"1357","ss1235978685","07","4957630"
"1358","ss1235978686","07","4961917"
"1359","ss1235978689","07","4992146"
"1360","ss1235978690","07","5002154"
"1361","ss1235978691","07","500548"
"1362","ss1235978692","07","5009389"
"1363","ss1235978694","07","5018688"
"1364","ss1235978695","07","5024902"
"1365","ss1235978696","07","5030658"
"1366","ss1235978697","07","5036188"
"1367","ss1235978698","07","5039206"
"1368","ss1235978699","07","5044589"
"1369","ss1235978700","07","504910"
"1370","ss1235978702","07","5053712"
"1371","ss1235978704","07","5073013"
"1372","ss1235978706","07","5084512"
"1373","ss1235978709","07","5118653"
"1374","ss1235978710","07","5125260"
"1375","ss1235978711","07","5131615"
"1376","ss1235978713","07","5134674"
"1377","ss1235978715","07","5145587"
"1378","ss1235978717","07","5156759"
"1379","ss1235978723","07","5184335"
"1380","ss1235978725","07","5191003"
"1381","ss1235978729","07","5214749"
"1382","ss1235978731","07","5227048"
"1383","ss1235978733","07","5234831"
"1384","ss1235978739","07","5250136"
"1385","ss1235978745","07","5265492"
"1386","ss1235978719","07","52876"
"1387","ss1235978751","07","5291376"
"1388","ss1235978753","07","5296377"
"1389","ss1235978755","07","5310716"
"1390","ss1235978756","07","5319748"
"1391","ss1235978758","07","5327087"
"1392","ss1235978760","07","5334285"
"1393","ss1235978764","07","5345128"
"1394","ss1235978766","07","5348750"
"1395","ss1235978768","07","5357984"
"1396","ss1235978770","07","5362862"
"1397","ss1235978775","07","5519515"
"1398","ss1235978777","07","5525207"
"1399","ss1235978787","07","5544849"
"1400","ss1235978785","07","555498"
"1401","ss1235978773","07","55930"
"1402","ss1235978793","07","565133"
"1403","ss1235978802","07","577497"
"1404","ss1235978795","07","5775766"
"1405","ss1235978799","07","5798679"
"1407","ss1235978808","07","590834"
"1408","ss1235978810","07","595180"
"1409","ss1235978826","07","5998566"
"1410","ss1235978824","07","600904"
"1411","ss1235978828","07","6020782"
"1412","ss1235978830","07","6028247"
"1413","ss1235978832","07","604431"
"1414","ss1235978834","07","608103"
"1415","ss1235978835","07","624264"
"1416","ss1235978839","07","641970"
"1417","ss1235978841","07","646821"
"1418","ss1235978845","07","653016"
"1419","ss1235978847","07","663450"
"1420","ss1235978849","07","671800"
"1421","ss1235978851","07","675659"
"1422","ss1235978852","07","679415"
"1423","ss1235978856","07","689574"
"1424","ss1235978858","07","717059"
"1425","ss1235978866","07","740324"
"1426","ss1235978868","07","743468"
"1427","ss1235978872","07","750766"
"1428","ss1235978873","07","755445"
"1429","ss1235978875","07","761742"
"1430","ss1235978879","07","769641"
"1431","ss1235978881","07","773016"
"1432","ss1235978885","07","783334"
"1434","ss1235978891","07","790896"
"1435","ss1235978870","07","79238"
"1436","ss1235978897","07","803291"
"1437","ss1235978899","07","810281"
"1438","ss1235978901","07","813167"
"1439","ss1235978902","07","817092"
"1440","ss1235978904","07","822788"
"1441","ss1235978883","07","82324"
"1442","ss1235978906","07","828165"
"1443","ss1235978910","07","841181"
"1444","ss1235978912","07","846161"
"1445","ss1235978913","07","851405"
"1446","ss1235978915","07","865620"
"1447","ss1235978919","07","870223"
"1448","ss1235978921","07","874468"
"1449","ss1235978908","07","87636"
"1450","ss1235978923","07","881296"
"1451","ss1235978925","07","884147"
"1452","ss1235978927","07","889081"
"1453","ss1235978929","07","892227"
"1454","ss1235978931","07","898139"
"1455","ss1235978933","07","908009"
"1456","ss1235978917","07","91334"
"1457","ss1235978935","07","913962"
"1458","ss1235978939","07","933167"
"1459","ss1235978943","07","949915"
"1460","ss1235978945","07","953570"
"1461","ss1235978949","07","963226"
"1462","ss1235978951","07","967273"
"1463","ss1235978953","07","972721"
"1464","ss1235978955","07","977620"
"1465","ss1235978958","07","990030"
"1466","ss1235978960","08","10524776"
"1467","ss1235978962","08","10530370"
"1468","ss1235978964","08","10535703"
"1469","ss1235978968","08","10554801"
"1470","ss1235978970","08","10560748"
"1471","ss1235978972","08","10573399"
"1472","ss1235978980","08","10606058"
"1476","ss1235978992","08","10671666"
"1477","ss1235978998","08","10698334"
"1478","ss1235979002","08","10712520"
"1479","ss1235979006","08","10732481"
"1480","ss1235979009","08","10742881"
"1481","ss1235979014","08","10760835"
"1482","ss1235979017","08","10770560"
"1483","ss1235979023","08","10815987"
"1484","ss1235979027","08","10822866"
"1485","ss1235979033","08","10856323"
"1486","ss1235979039","08","10891918"
"1487","ss1235979042","08","10896663"
"1488","ss1235979045","08","10911100"
"1489","ss1235979051","08","10931873"
"1490","ss1235979054","08","10936947"
"1491","ss1235979056","08","10948564"
"1492","ss1235979058","08","10970802"
"1493","ss1235979060","08","10982456"
"1494","ss1235979062","08","10987552"
"1495","ss1235979064","08","10998819"
"1496","ss1235979070","08","11026672"
"1497","ss1235979072","08","11033875"
"1498","ss1235979074","08","11040508"
"1499","ss1235979078","08","11049982"
"1500","ss1235979080","08","11062597"
"1501","ss1235979082","08","11067380"
"1502","ss1235979086","08","11084927"
"1503","ss1235979088","08","11100315"
"1504","ss1235979090","08","11107584"
"1505","ss1235979092","08","11117105"
"1506","ss1235979094","08","11139078"
"1507","ss1235979096","08","11144601"
"1508","ss1235979098","08","11150560"
"1509","ss1235979102","08","11163372"
"1510","ss1235979104","08","11171905"
"1511","ss1235979108","08","11187045"
"1512","ss1235979111","08","11203695"
"1513","ss1235979117","08","11235106"
"1514","ss1235979119","08","11246973"
"1515","ss1235979123","08","11266119"
"1516","ss1235979125","08","11270610"
"1517","ss1235979127","08","11280329"
"1518","ss1235979129","08","11297336"
"1519","ss1235979131","08","11307605"
"1520","ss1235979133","08","11327281"
"1521","ss1235979135","08","11332702"
"1522","ss1235979137","08","11338946"
"1523","ss1235979139","08","11348540"
"1524","ss1235979141","08","11353275"
"1525","ss1235979143","08","11367862"
"1526","ss1235979145","08","11376603"
"1527","ss1235979147","08","11383293"
"1528","ss1235979151","08","11405294"
"1529","ss1235979153","08","11420975"
"1530","ss1235979155","08","11439629"
"1531","ss1235979157","08","11444381"
"1532","ss1235979159","08","11452315"
"1533","ss1235979165","08","11469905"
"1534","ss1235979171","08","11505489"
"1535","ss1235979174","08","11518238"
"1536","ss1235979176","08","11523206"
"1537","ss1235979178","08","11531709"
"1538","ss1235979180","08","11551137"
"1539","ss1235979182","08","11556438"
"1540","ss1235979187","08","11583512"
"1541","ss1235979188","08","11591179"
"1542","ss1235979191","08","11625662"
"1543","ss1235979193","08","11635577"
"1544","ss1235979194","08","11647122"
"1545","ss1235979196","08","11654728"
"1546","ss1235979198","08","11658919"
"1547","ss1235979200","08","11666878"
"1548","ss1235979202","08","11672099"
"1549","ss1235979204","08","11680149"
"1550","ss1235979206","08","11689628"
"1551","ss1235979210","08","11700220"
"1552","ss1235979214","08","11712884"
"1553","ss1235979216","08","11719110"
"1554","ss1235979218","08","11723463"
"1555","ss1235979224","08","11742107"
"1556","ss1235979228","08","11761527"
"1557","ss1235979230","08","11766202"
"1558","ss1235979234","08","11782081"
"1559","ss1235979236","08","11796687"
"1560","ss1235979238","08","11803316"
"1561","ss1235979242","08","11826062"
"1562","ss1235979244","08","11835838"
"1564","ss1235979247","08","11851127"
"1565","ss1235979250","08","11857371"
"1568","ss1235979258","08","11922461"
"1569","ss1235979260","08","11935990"
"1570","ss1235979262","08","11943824"
"1571","ss1235979264","08","11950473"
"1572","ss1235979266","08","11955017"
"1573","ss1235979270","08","11969535"
"1574","ss1235979272","08","11996781"
"1575","ss1235979274","08","12007411"
"1576","ss1235979276","08","12024700"
"1577","ss1235979278","08","12035813"
"1578","ss1235979283","08","12055932"
"1579","ss1235979285","08","12060930"
"1580","ss1235979287","08","12067640"
"1581","ss1235979289","08","12078479"
"1582","ss1235979291","08","12086187"
"1583","ss1235979293","08","12090469"
"1584","ss1235979295","08","12100329"
"1585","ss1235979297","08","12105479"
"1586","ss1235979303","08","12161292"
"1587","ss1235979307","08","12176964"
"1588","ss1235979309","08","12182838"
"1589","ss1235979314","08","12198547"
"1590","ss1235979316","08","12207659"
"1591","ss1235979318","08","12211894"
"1592","ss1235979320","08","12218797"
"1593","ss1235979322","08","12225525"
"1594","ss1235979326","08","12241068"
"1595","ss1235979330","08","12252962"
"1596","ss1235979336","08","12288313"
"1597","ss1235979337","08","12302336"
"1598","ss1235979338","08","12332986"
"1599","ss1235979342","08","12359925"
"1600","ss1235979346","08","12375209"
"1601","ss1235979348","08","12381441"
"1602","ss1235979352","08","12405520"
"1603","ss1235979355","08","12429313"
"1604","ss1235979357","08","12438692"
"1605","ss1235979360","08","12446902"
"1606","ss1235979366","08","12482130"
"1607","ss1235979368","08","12487165"
"1608","ss1235979370","08","12507701"
"1609","ss1235979372","08","12514749"
"1610","ss1235979375","08","12523308"
"1611","ss1235979377","08","12547934"
"1612","ss1235979381","08","12568395"
"1613","ss1235979385","08","12584112"
"1614","ss1235979387","08","12598490"
"1615","ss1235979391","08","12611164"
"1616","ss1235979393","08","12621235"
"1617","ss1235979396","08","12694752"
"1618","ss1235979397","08","12711129"
"1619","ss1235979399","08","12737736"
"1620","ss1235979400","08","12746507"
"1621","ss1235979402","08","12767704"
"1622","ss1235979405","08","12794818"
"1623","ss1235979406","08","12802988"
"1624","ss1235979409","08","12847897"
"1625","ss1235979410","08","12864611"
"1626","ss1235979412","08","12891869"
"1627","ss1235979413","08","12911328"
"1628","ss1235979414","08","12930393"
"1629","ss1235979416","08","12942914"
"1630","ss1235979417","08","12947591"
"1631","ss1235979418","08","12957466"
"1632","ss1235979421","08","12981220"
"1633","ss1235979422","08","12988114"
"1634","ss1235979423","08","13001687"
"1635","ss1235979424","08","13030069"
"1636","ss1235979426","08","13040929"
"1637","ss1235979427","08","13092464"
"1638","ss1235979429","08","13137608"
"1639","ss1235979430","08","13156693"
"1640","ss1235979431","08","13169643"
"1641","ss1235979432","08","13201079"
"1642","ss1235979433","08","13209521"
"1643","ss1235979434","08","13222867"
"1644","ss1235979436","08","13236586"
"1645","ss1235979437","08","13247851"
"1646","ss1235979438","08","13254282"
"1647","ss1235979440","08","13445582"
"1648","ss1235979442","08","13457121"
"1649","ss1235979445","08","13470488"
"1650","ss1235979447","08","13489539"
"1651","ss1235979449","08","13496688"
"1652","ss1235979451","08","13502729"
"1653","ss1235979455","08","13556036"
"1654","ss1235979457","08","13561619"
"1655","ss1235979459","08","13570408"
"1656","ss1235979461","08","13580803"
"1657","ss1235979463","08","13874319"
"1658","ss1235979465","08","14148476"
"1665","ss1235979489","08","15086189"
"1670","ss1235979505","08","15606130"
"1673","ss1235979507","08","15716820"
"1674","ss1235979509","08","15724260"
"1676","ss1235979515","08","15747728"
"1679","ss1235979523","08","15780389"
"1681","ss1235979527","08","15788419"
"1682","ss1235979529","08","15794423"
"1683","ss1235979531","08","15801438"
"1684","ss1235979533","08","15811173"
"1685","ss1235979537","08","15835371"
"1689","ss1235979541","08","15892014"
"1690","ss1235979544","08","15919698"
"1692","ss1235979548","08","15944801"
"1693","ss1235979550","08","15976529"
"1697","ss1235979558","08","16031510"
"1699","ss1235979569","08","16115458"
"1700","ss1235979571","08","16121892"
"1703","ss1235979575","08","16136369"
"1704","ss1235979577","08","16141378"
"1705","ss1235979579","08","16150981"
"1706","ss1235979581","08","16160202"
"1709","ss1235979587","08","16195907"
"1722","ss1235979628","08","19108325"
"1723","ss1235979632","08","19135464"
"1724","ss1235979634","08","19147029"
"1725","ss1235979636","08","19221049"
"1726","ss1235979638","08","19247862"
"1727","ss1235979642","08","19452913"
"1729","ss1235979644","08","19575683"
"1730","ss1235979646","08","19610678"
"1731","ss1235979648","08","19744007"
"1735","ss1235979663","08","25087805"
"1746","ss1235979713","09","137154"
"1805","ss1235979919","09","249029"
"1808","ss1235979958","09","345818"
"1809","ss1235979961","09","347872"
"1816","ss1235979977","09","368540"
"1818","ss1235979979","09","387581"
"1821","ss1235979997","09","401636"
"1822","ss1235979999","09","401735"
"1824","ss1235980242","09","424179"
"1826","ss1235980245","09","424515"
"1829","ss1235980251","09","426234"
"1832","ss1235980258","09","427170"
"1848","ss1235980261","09","427376"
"1901","ss1235980283","09","8966209"
"1911","ss1235980324","10","11385947"
"1912","ss1235980326","10","11454714"
"1914","ss1235980337","10","11742620"
"1915","ss1235980339","10","11776734"
"1916","ss1235980341","10","11830533"
"1917","ss1235980344","10","11871077"
"1918","ss1235980352","10","12158503"
"1919","ss1235980358","10","12341297"
"1920","ss1235980360","10","12389621"
"1921","ss1235980362","10","12483645"
"1922","ss1235980368","10","12675604"
"1923","ss1235980372","10","12795556"
"1924","ss1235980380","10","13089084"
"1927","ss1235980392","10","13625797"
"1929","ss1235980510","10","14651686"
"1950","ss1235980472","10","1995631"
"1951","ss1235980474","10","2001149"
"1952","ss1235980478","10","2004989"
"1953","ss1235980480","10","2012882"
"1954","ss1235980482","10","2022767"
"1955","ss1235980484","10","2057623"
"1956","ss1235980488","10","2074110"
"1957","ss1235980491","10","2079180"
"1958","ss1235980493","10","2081356"
"1960","ss1235980495","10","2084506"
"1961","ss1235980497","10","2086595"
"1962","ss1235980499","10","2090427"
"1965","ss1235980461","10","23333626"
"1967","ss1235980443","10","23870476"
"1970","ss1235980418","10","25541267"
"1971","ss1235980414","10","25625163"
"1972","ss1235980408","10","25888450"
"1973","ss1235980400","10","26109666"
"1975","ss1235980394","10","28285220"
"1976","ss1235980520","10","28923948"
"1977","ss1235980522","10","29421787"
"1985","ss1235980557","10","44180065"
"1986","ss1235980559","10","44183345"
"1987","ss1235980561","10","44186548"
"1988","ss1235980563","10","44188605"
"1989","ss1235980565","10","44194007"
"1990","ss1235980567","10","44201892"
"1991","ss1235980569","10","44207552"
"1992","ss1235980571","10","44210640"
"1993","ss1235980573","10","44218338"
"1994","ss1235980574","10","44228048"
"1995","ss1235980575","10","44238082"
"1996","ss1235980577","10","44242960"
"1997","ss1235980579","10","44247627"
"1998","ss1235980581","10","44251715"
"1999","ss1235980583","10","44254371"
"2000","ss1235980584","10","44257022"
"2001","ss1235980586","10","44260056"
"2002","ss1235980588","10","44262340"
"2003","ss1235980590","10","44264573"
"2004","ss1235980592","10","44269743"
"2005","ss1235980594","10","44272258"
"2006","ss1235980597","10","44274363"
"2007","ss1235980600","10","44277600"
"2008","ss1235980604","10","44294364"
"2009","ss1235980606","10","44296852"
"2010","ss1235980608","10","44302600"
"2011","ss1235980610","10","44306050"
"2012","ss1235980612","10","44309770"
"2013","ss1235980614","10","44315416"
"2014","ss1235980616","10","44323348"
"2015","ss1235980622","10","44335374"
"2016","ss1235980624","10","44337505"
"2017","ss1235980626","10","44342279"
"2018","ss1235980628","10","44347598"
"2019","ss1235980630","10","44353972"
"2020","ss1235980632","10","44356776"
"2021","ss1235980634","10","44359470"
"2022","ss1235980637","10","44363606"
"2023","ss1235980643","10","44370879"
"2024","ss1235980646","10","44373521"
"2025","ss1235980649","10","44379295"
"2026","ss1235980659","10","44388699"
"2027","ss1235980665","10","44395952"
"2028","ss1235980668","10","44398110"
"2029","ss1235980671","10","44402011"
"2030","ss1235980674","10","44405461"
"2031","ss1235980677","10","44408199"
"2032","ss1235980680","10","44414048"
"2033","ss1235980682","10","44418511"
"2034","ss1235980685","10","44421744"
"2035","ss1235980691","10","44437054"
"2036","ss1235980694","10","44440002"
"2037","ss1235980698","10","44443552"
"2038","ss1235980701","10","44449068"
"2039","ss1235980704","10","44452224"
"2040","ss1235980715","10","44460431"
"2041","ss1235980718","10","44462470"
"2042","ss1235980721","10","44465656"
"2043","ss1235980724","10","44470930"
"2044","ss1235980730","10","44483732"
"2045","ss1235980733","10","44488259"
"2046","ss1235980736","10","44493747"
"2047","ss1235980742","10","44499573"
"2048","ss1235980745","10","44501746"
"2049","ss1235980748","10","44509807"
"2050","ss1235980751","10","44515052"
"2051","ss1235980754","10","44692073"
"2052","ss1235980757","10","44695817"
"2053","ss1235980760","10","44698292"
"2054","ss1235980763","10","44702224"
"2055","ss1235980774","10","44723861"
"2056","ss1235980777","10","44726057"
"2057","ss1235980781","10","44728580"
"2058","ss1235980783","10","44733250"
"2059","ss1235980788","10","44735861"
"2060","ss1235980791","10","44738688"
"2061","ss1235980794","10","44741032"
"2062","ss1235980798","10","44744178"
"2063","ss1235980801","10","44746838"
"2064","ss1235980804","10","44749916"
"2066","ss1235980807","10","44753812"
"2067","ss1235980810","10","44759724"
"2068","ss1235980813","10","44762728"
"2069","ss1235980816","10","44765191"
"2070","ss1235980819","10","44767397"
"2071","ss1235980826","10","44774482"
"2072","ss1235980829","10","44776661"
"2073","ss1235980832","10","44790950"
"2074","ss1235980834","10","44804694"
"2075","ss1235980836","10","44864941"
"2076","ss1235980839","10","45078885"
"2077","ss1235980842","10","45208747"
"2078","ss1235980845","10","45247863"
"2130","ss1235980332","10","7377431"
"2226","ss1235981306","11","31912640"
"2227","ss1235981309","11","32006970"
"2229","ss1235981318","11","32366332"
"2231","ss1235981329","11","32509958"
"2232","ss1235981332","11","32535996"
"2234","ss1235981345","11","32652679"
"2235","ss1235981348","11","32657757"
"2236","ss1235981353","11","32667034"
"2237","ss1235981359","11","32677672"
"2238","ss1235981362","11","32687787"
"2239","ss1235981365","11","32693756"
"2240","ss1235981369","11","32706684"
"2243","ss1235981386","11","33048787"
"2244","ss1235981388","11","33310663"
"2245","ss1235981593","11","33383381"
"2247","ss1235981589","11","33395478"
"2248","ss1235981587","11","33400300"
"2249","ss1235981584","11","33407278"
"2250","ss1235981582","11","33410064"
"2251","ss1235981580","11","33415582"
"2252","ss1235981576","11","33432460"
"2253","ss1235981574","11","33441234"
"2254","ss1235981572","11","33445989"
"2255","ss1235981570","11","33525508"
"2256","ss1235981568","11","33528348"
"2257","ss1235981564","11","33537148"
"2258","ss1235981559","11","33552131"
"2259","ss1235981547","11","33629156"
"2260","ss1235981545","11","33638287"
"2261","ss1235981543","11","33677526"
"2262","ss1235981535","11","33701418"
"2263","ss1235981533","11","33707543"
"2264","ss1235981532","11","33710940"
"2267","ss1235981529","11","34017185"
"2268","ss1235981528","11","34031060"
"2270","ss1235981526","11","34050611"
"2271","ss1235981524","11","34177149"
"2272","ss1235981520","11","34244773"
"2273","ss1235981516","11","34260827"
"2274","ss1235981514","11","34272355"
"2275","ss1235981510","11","34296488"
"2276","ss1235981508","11","34308172"
"2277","ss1235981506","11","34311552"
"2278","ss1235981504","11","34319302"
"2279","ss1235981501","11","34326698"
"2280","ss1235981499","11","34332575"
"2281","ss1235981497","11","34342279"
"2282","ss1235981495","11","34346559"
"2283","ss1235981493","11","34351483"
"2284","ss1235981487","11","34365912"
"2285","ss1235981486","11","34373277"
"2286","ss1235981484","11","34377111"
"2287","ss1235981480","11","34386623"
"2288","ss1235981478","11","34395673"
"2289","ss1235981476","11","34402687"
"2290","ss1235981474","11","34408140"
"2291","ss1235981471","11","34412728"
"2292","ss1235981465","11","34424568"
"2293","ss1235981460","11","34434028"
"2294","ss1235981457","11","34442272"
"2295","ss1235981454","11","34445659"
"2296","ss1235981451","11","34449575"
"2297","ss1235981447","11","34460687"
"2298","ss1235981444","11","34467578"
"2299","ss1235981441","11","34470379"
"2300","ss1235981438","11","34477652"
"2301","ss1235981435","11","34482157"
"2302","ss1235981429","11","34554985"
"2303","ss1235981426","11","34570122"
"2304","ss1235981423","11","34587157"
"2305","ss1235981420","11","34597845"
"2306","ss1235981418","11","34600612"
"2307","ss1235981415","11","34617548"
"2308","ss1235981412","11","34621158"
"2309","ss1235981409","11","34626689"
"2310","ss1235981406","11","34633477"
"2311","ss1235981403","11","34639212"
"2312","ss1235981397","11","34701831"
"2313","ss1235981394","11","34705130"
"2314","ss1235981391","11","34713926"
"2326","ss1235981625","11","6717374"
"2327","ss1235981627","11","6743514"
"2331","ss1235981635","11","7004662"
"2332","ss1235981637","11","7094320"
"2333","ss1235981639","11","7261381"
"2334","ss1235981641","11","7267080"
"2335","ss1235981643","11","7272129"
"2336","ss1235981645","11","7277317"
"2337","ss1235981647","11","7282757"
"2338","ss1235981649","11","7289105"
"2339","ss1235981651","11","7291999"
"2340","ss1235981653","11","7298528"
"2341","ss1235981655","11","7301770"
"2342","ss1235981658","11","7311720"
"2343","ss1235981662","11","7317597"
"2344","ss1235981664","11","7321978"
"2345","ss1235981666","11","7327056"
"2346","ss1235981668","11","7333483"
"2347","ss1235981670","11","7336156"
"2348","ss1235981672","11","7338971"
"2349","ss1235981674","11","7341736"
"2350","ss1235981676","11","7344759"
"2351","ss1235981678","11","7350211"
"2352","ss1235981683","11","7358147"
"2353","ss1235981685","11","7361463"
"2354","ss1235981687","11","7365996"
"2355","ss1235981691","11","7374500"
"2356","ss1235981693","11","7378454"
"2357","ss1235981695","11","7387006"
"2358","ss1235981698","11","7393418"
"2359","ss1235981700","11","7399475"
"2360","ss1235981702","11","7402170"
"2361","ss1235981704","11","7405425"
"2362","ss1235981706","11","7412283"
"2363","ss1235981708","11","7423791"
"2364","ss1235981712","11","7433517"
"2365","ss1235981714","11","7436236"
"2366","ss1235981716","11","7440542"
"2367","ss1235981718","11","7446896"
"2368","ss1235981723","11","7455506"
"2369","ss1235981727","11","7461871"
"2370","ss1235981729","11","7465799"
"2371","ss1235981731","11","7636368"
"2372","ss1235981736","11","8050212"
"2373","ss1235981738","11","8100260"
"2374","ss1235981740","11","8103513"
"2376","ss1235981744","11","9143583"
"2379","ss1235981768","12","2577754"
"2380","ss1235981771","12","2589393"
"2381","ss1235981774","12","2590945"
"2382","ss1235981776","12","2597646"
"2383","ss1235981782","12","2608334"
"2384","ss1235981785","12","2611600"
"2385","ss1235981788","12","2619803"
"2386","ss1235981791","12","2624687"
"2387","ss1235981794","12","2635688"
"2388","ss1235981798","12","2651542"
"2390","ss1235981807","12","2671434"
"2391","ss1235981810","12","2675685"
"2392","ss1235981813","12","2683351"
"2393","ss1235981816","12","2758701"
"2394","ss1235981823","12","2834847"
"2397","ss1235981835","12","2890595"
"2398","ss1235981838","12","3153069"
"2399","ss1235981841","12","3157788"
"2400","ss1235981844","12","3165537"
"2403","ss1235981858","12","3284447"
"2404","ss1235981860","12","3291760"
"2405","ss1235981866","12","33612718"
"2406","ss1235981871","12","33615929"
"2407","ss1235981880","12","33626202"
"2408","ss1235981883","12","33630747"
"2409","ss1235981887","12","33694225"
"2410","ss1235981889","12","34137308"
"2411","ss1235981896","12","34157187"
"2412","ss1235981899","12","34159646"
"2413","ss1235981902","12","34160749"
"2414","ss1235981905","12","34162034"
"2415","ss1235981912","12","34165573"
"2416","ss1235981915","12","34166888"
"2417","ss1235981918","12","34169258"
"2418","ss1235981921","12","34170224"
"2419","ss1235981924","12","34171465"
"2420","ss1235981928","12","34173835"
"2421","ss1235981931","12","34178221"
"2422","ss1235981934","12","34333714"
"2423","ss1235981937","12","34334544"
"2424","ss1235981941","12","34336403"
"2425","ss1235981944","12","34337799"
"2426","ss1235981946","12","34339415"
"2427","ss1235981949","12","34341743"
"2428","ss1235981952","12","34362118"
"2429","ss1235981959","12","34364881"
"2430","ss1235981962","12","34365772"
"2431","ss1235981965","12","34366647"
"2432","ss1235981968","12","34367961"
"2433","ss1235981972","12","34370088"
"2434","ss1235981975","12","34373258"
"2435","ss1235981978","12","34375483"
"2436","ss1235981980","12","34377877"
"2437","ss1235981983","12","34381596"
"2438","ss1235981986","12","34384419"
"2439","ss1235981989","12","34385267"
"2440","ss1235981992","12","34387125"
"2441","ss1235981996","12","34388722"
"2442","ss1235981999","12","34391925"
"2443","ss1235982005","12","34394520"
"2444","ss1235982008","12","34398040"
"2445","ss1235982009","12","34402329"
"2446","ss1235982011","12","34405137"
"2447","ss1235982013","12","34411477"
"2448","ss1235982017","12","34413945"
"2449","ss1235982023","12","34422661"
"2450","ss1235982025","12","34423554"
"2451","ss1235982030","12","3454267"
"2452","ss1235982035","12","3470891"
"2453","ss1235982038","12","3471905"
"2454","ss1235982044","12","3481843"
"2456","ss1235982053","12","3490352"
"2457","ss1235982056","12","3491984"
"2459","ss1235982066","12","3498881"
"2462","ss1235982077","12","3508878"
"2464","ss1235982083","12","3512211"
"2466","ss1235982094","12","3530918"
"2467","ss1235982099","12","3535727"
"2480","ss1235982144","12","7778401"
"2481","ss1235982147","12","7843948"
"2482","ss1235982150","12","7893592"
"2483","ss1235982156","12","7917868"
"2484","ss1235982159","12","7919139"
"2485","ss1235982162","12","7920653"
"2486","ss1235982165","12","7929795"
"2487","ss1235982168","12","7930663"
"2488","ss1235982171","12","7931506"
"2489","ss1235982174","12","7933932"
"2490","ss1235982177","12","7937366"
"2491","ss1235982180","12","7939990"
"2492","ss1235982183","12","7941530"
"2493","ss1235982186","12","7942763"
"2494","ss1235982189","12","7945589"
"2495","ss1235982192","12","7949071"
"2496","ss1235982198","12","7959768"
"2497","ss1235982201","12","7964696"
"2498","ss1235982204","12","7965637"
"2499","ss1235982207","12","7967240"
"2500","ss1235982211","12","7970305"
"2501","ss1235982214","12","7971951"
"2502","ss1235982217","12","7976231"
"2503","ss1235982220","12","7981311"
"2504","ss1235982223","12","7984287"
"2505","ss1235982225","12","7985849"
"2506","ss1235982228","12","7990334"
"2507","ss1235982231","12","7995442"
"2508","ss1235982234","12","7996915"
"2509","ss1235982237","12","8000734"
"2510","ss1235982240","12","8004134"
"2511","ss1235982243","12","8006029"
"2512","ss1235982246","12","8007422"
"2513","ss1235982249","12","8009375"
"2514","ss1235982251","12","8010888"
"2515","ss1235982254","12","8012140"
"2516","ss1235982257","12","8013776"
"2517","ss1235982260","12","8018319"
"2518","ss1235982264","12","8019666"
"2519","ss1235982267","12","8021324"
"2520","ss1235982270","12","8022968"
"2521","ss1235982278","12","8039503"
"2522","ss1235982284","12","8045991"
"2523","ss1235982287","12","8047847"
"2524","ss1235982290","12","8050159"
"2525","ss1235982293","12","8052030"
"2526","ss1235982299","12","8060753"
"2527","ss1235982302","12","8100860"
"2528","ss1235982305","12","8104781"
"2529","ss1235982308","12","8113340"
"2530","ss1235982311","12","8114295"
"2531","ss1235982314","12","8408316"
"2532","ss1235982320","12","8428330"
"2533","ss1235982323","12","8429894"
"2534","ss1235982326","12","8432148"
"2535","ss1235982329","12","8436263"
"2536","ss1235982332","12","8438285"
"2537","ss1235982335","12","8439233"
"2538","ss1235982339","12","8440085"
"2539","ss1235982342","12","8441446"
"2540","ss1235982345","12","8451702"
"2541","ss1235982348","12","8453474"
"2542","ss1235982352","12","8454886"
"2543","ss1235982355","12","8456469"
"2544","ss1235982361","12","8467910"
"2545","ss1235982363","12","8469283"
"2546","ss1235982366","12","8476059"
"2547","ss1235982371","12","8478935"
"2570","ss1235982383","13","20676990"
"2571","ss1235982377","13","20839781"
"2572","ss1235982401","13","21676587"
"2574","ss1235982407","13","22901190"
"2575","ss1235982411","13","25230180"
"2576","ss1235982414","13","25268334"
"2703","ss1235982866","13","36028782"
"2706","ss1235982873","13","36175186"
"2707","ss1235982875","13","36217379"
"2710","ss1235982881","13","36360768"
"2711","ss1235982882","13","36370974"
"2725","ss1235982905","13","39701102"
"2726","ss1235982907","13","39731363"
"2727","ss1235982908","13","39742340"
"2728","ss1235982909","13","39905748"
"2729","ss1235982911","13","40082404"
"2730","ss1235982912","13","40100890"
"2731","ss1235982913","13","40111884"
"2732","ss1235982914","13","40122421"
"2733","ss1235982915","13","40194229"
"2735","ss1235982920","13","40569709"
"2792","ss1235982983","13","43277439"
"2793","ss1235982984","13","43296997"
"2794","ss1235982985","13","43311794"
"2795","ss1235982987","13","43361088"
"2796","ss1235982990","13","43446158"
"2797","ss1235982991","13","43462444"
"2798","ss1235982992","13","43474716"
"2799","ss1235982993","13","43496521"
"2800","ss1235982994","13","43507586"
"2801","ss1235982995","13","43591415"
"2802","ss1235982997","13","43632387"
"2803","ss1235982998","13","43646701"
"2804","ss1235982999","13","43657489"
"2805","ss1235983000","13","43669257"
"2806","ss1235983001","13","43679531"
"2807","ss1235983002","13","43691318"
"2808","ss1235983003","13","43703293"
"2813","ss1235983037","14","1627759"
"2815","ss1235983042","14","1699906"
"2816","ss1235983046","14","1705416"
"2817","ss1235983048","14","1707917"
"2818","ss1235983051","14","1710048"
"2819","ss1235983053","14","1712591"
"2821","ss1235983055","14","1714535"
"2822","ss1235983057","14","1719777"
"2823","ss1235983058","14","1723404"
"2824","ss1235983060","14","1725299"
"2825","ss1235983062","14","1730573"
"2826","ss1235983068","14","1738044"
"2827","ss1235983072","14","1744637"
"2828","ss1235983075","14","1749254"
"2829","ss1235983077","14","1752562"
"2830","ss1235983079","14","1755134"
"2831","ss1235983081","14","1757258"
"2832","ss1235983083","14","1759076"
"2833","ss1235983085","14","1764078"
"2834","ss1235983087","14","1767144"
"2835","ss1235983089","14","1780779"
"2836","ss1235983091","14","1786487"
"2837","ss1235983093","14","1788984"
"2838","ss1235983095","14","1798366"
"2839","ss1235983098","14","1800601"
"2840","ss1235983100","14","1802796"
"2841","ss1235983106","14","1822873"
"2842","ss1235983108","14","1826177"
"2843","ss1235983110","14","1831194"
"2844","ss1235983112","14","1835234"
"2845","ss1235983116","14","1840840"
"2846","ss1235983125","14","1850279"
"2848","ss1235983127","14","1852565"
"2849","ss1235983129","14","1854595"
"2850","ss1235983130","14","1858711"
"2851","ss1235983132","14","1864552"
"2852","ss1235983136","14","1870812"
"2853","ss1235983138","14","1872727"
"2854","ss1235983142","14","1882442"
"2855","ss1235983144","14","1884494"
"2856","ss1235983146","14","1888995"
"2857","ss1235983148","14","1891359"
"2858","ss1235983149","14","1898076"
"2859","ss1235983151","14","1900233"
"2860","ss1235983153","14","1903111"
"2861","ss1235983155","14","1905885"
"2862","ss1235983160","14","1912067"
"2863","ss1235983164","14","1914888"
"2864","ss1235983166","14","1917415"
"2865","ss1235983168","14","1919273"
"2866","ss1235983170","14","1924236"
"2867","ss1235983172","14","1930661"
"2868","ss1235983173","14","1932508"
"2869","ss1235983175","14","1935087"
"2870","ss1235983177","14","1936855"
"2871","ss1235983179","14","1941463"
"2873","ss1235983181","14","1946307"
"2874","ss1235983183","14","1949936"
"2875","ss1235983185","14","1952335"
"2876","ss1235983187","14","1954087"
"2878","ss1235983189","14","1962218"
"2879","ss1235983191","14","1965954"
"2880","ss1235983192","14","1976177"
"2881","ss1235983194","14","1979042"
"2882","ss1235983196","14","1983450"
"2883","ss1235983198","14","1985846"
"2884","ss1235983200","14","1991042"
"2885","ss1235983202","14","1994665"
"2886","ss1235983206","14","2002374"
"2887","ss1235983210","14","2011297"
"2888","ss1235983212","14","2015373"
"2924","ss1235983328","14","4592106"
"2925","ss1235983332","14","4598986"
"2933","ss1235983389","14","46642456"
"2934","ss1235983391","14","46644351"
"2936","ss1235983392","14","46658210"
"2937","ss1235983396","14","46665980"
"2938","ss1235983398","14","46668981"
"2939","ss1235983400","14","46672104"
"2940","ss1235983402","14","46674825"
"2941","ss1235983404","14","46676878"
"2942","ss1235983406","14","46682087"
"2943","ss1235983414","14","46703623"
"2944","ss1235983416","14","46708198"
"2945","ss1235983418","14","46713052"
"2946","ss1235983419","14","46720411"
"2947","ss1235983421","14","46724959"
"2948","ss1235983425","14","46736616"
"2949","ss1235983427","14","46739718"
"2950","ss1235983433","14","46752291"
"2952","ss1235983437","14","46763815"
"2953","ss1235983439","14","46765848"
"2954","ss1235983451","14","46804163"
"2955","ss1235983457","14","46813864"
"2956","ss1235983459","14","46815767"
"2987","ss1235983503","14","4984391"
"2988","ss1235983505","14","4990248"
"2989","ss1235983509","14","4996186"
"3007","ss1235983972","15","10008646"
"3008","ss1235983974","15","10045801"
"3009","ss1235983976","15","10059747"
"3010","ss1235983978","15","10076846"
"3011","ss1235983980","15","10087001"
"3012","ss1235983981","15","10099462"
"3013","ss1235983983","15","10116146"
"3014","ss1235983565","15","10185636"
"3015","ss1235983566","15","10408568"
"3016","ss1235983568","15","10422672"
"3017","ss1235983570","15","10430186"
"3018","ss1235983572","15","10443089"
"3019","ss1235983574","15","10455729"
"3020","ss1235983576","15","10470583"
"3021","ss1235983578","15","10521868"
"3023","ss1235983585","15","11267181"
"3024","ss1235983589","15","11289401"
"3025","ss1235983594","15","11303803"
"3082","ss1235983716","15","13697011"
"3107","ss1235983757","15","15128999"
"3108","ss1235983758","15","15143845"
"3109","ss1235983759","15","15152887"
"3110","ss1235983761","15","15178477"
"3111","ss1235983763","15","15203596"
"3113","ss1235983766","15","15285269"
"3117","ss1235983772","15","15383183"
"3118","ss1235983773","15","15398976"
"3121","ss1235983779","15","15893057"
"3122","ss1235983781","15","15901040"
"3123","ss1235983783","15","15929914"
"3124","ss1235983784","15","15975971"
"3125","ss1235983785","15","16127517"
"3126","ss1235983786","15","16561449"
"3139","ss1235983811","15","4631568"
"3140","ss1235983813","15","4660820"
"3164","ss1235983848","15","50212832"
"3165","ss1235983849","15","50424843"
"3167","ss1235983856","15","5447053"
"3168","ss1235983857","15","5465411"
"3169","ss1235983861","15","6064214"
"3170","ss1235983863","15","6727199"
"3171","ss1235983867","15","6784569"
"3172","ss1235983869","15","6791744"
"3174","ss1235983874","15","6910313"
"3175","ss1235983877","15","6947053"
"3176","ss1235983879","15","7073504"
"3177","ss1235983881","15","7130701"
"3179","ss1235983889","15","7238417"
"3183","ss1235983909","15","8396570"
"3184","ss1235983911","15","8405044"
"3185","ss1235983913","15","8517984"
"3186","ss1235983916","15","8828127"
"3187","ss1235983921","15","8968448"
"3188","ss1235983925","15","8992479"
"3189","ss1235983927","15","9000762"
"3190","ss1235983929","15","9011537"
"3191","ss1235983931","15","9030624"
"3193","ss1235983935","15","9563067"
"3194","ss1235983937","15","9588628"
"3195","ss1235983939","15","9626343"
"3196","ss1235983941","15","9636723"
"3197","ss1235983942","15","9650070"
"3198","ss1235983946","15","9666325"
"3199","ss1235983948","15","9675397"
"3200","ss1235983952","15","9846871"
"3201","ss1235983954","15","9855185"
"3202","ss1235983956","15","9873950"
"3203","ss1235983957","15","9886631"
"3204","ss1235983961","15","9929986"
"3205","ss1235983963","15","9943743"
"3206","ss1235983965","15","9957108"
"3207","ss1235983967","15","9965867"
"3208","ss1235983970","15","9972692"
"3210","ss1235983989","16","110006"
"3211","ss1235983991","16","118168"
"3212","ss1235983993","16","125906"
"3215","ss1235984006","16","146679"
"3217","ss1235984010","16","1610108"
"3219","ss1235984018","16","1853945"
"3220","ss1235984019","16","1861325"
"3222","ss1235984027","16","234314"
"3271","ss1235984163","16","32335740"
"3273","ss1235984167","16","32368899"
"3275","ss1235984174","16","32568070"
"3277","ss1235984180","16","32596090"
"3278","ss1235984181","16","32611161"
"3281","ss1235984185","16","32798587"
"3282","ss1235984186","16","32808994"
"3284","ss1235984189","16","32845545"
"3285","ss1235984190","16","32884618"
"3291","ss1235984197","16","33356606"
"3292","ss1235984198","16","33368822"
"3297","ss1235984207","16","349715"
"3301","ss1235984213","16","357789"
"3303","ss1235984212","16","36272386"
"3309","ss1235984226","16","376212"
"3313","ss1235984228","16","383221"
"3316","ss1235984232","16","411274"
"3318","ss1235984234","16","420676"
"3319","ss1235984235","16","426397"
"3320","ss1235984236","16","436277"
"3321","ss1235984237","16","442549"
"3323","ss1235984239","16","4814026"
"3324","ss1235984240","16","48317"
"3325","ss1235984243","16","5420439"
"3326","ss1235984244","16","5459397"
"3327","ss1235984245","16","5488849"
"3328","ss1235984246","16","5506180"
"3329","ss1235984247","16","5514245"
"3330","ss1235984249","16","5531950"
"3331","ss1235984251","16","5557600"
"3332","ss1235984252","16","5570664"
"3333","ss1235984254","16","5577589"
"3334","ss1235984258","16","5617839"
"3335","ss1235984259","16","6070430"
"3336","ss1235984260","16","6078520"
"3337","ss1235984261","16","6092822"
"3338","ss1235984262","16","6100279"
"3339","ss1235984263","16","6116511"
"3340","ss1235984264","16","6125966"
"3341","ss1235984265","16","6178697"
"3342","ss1235984266","16","6187583"
"3343","ss1235984267","16","6193118"
"3344","ss1235984268","16","6214848"
"3345","ss1235984272","16","658106"
"3346","ss1235984269","16","6591530"
"3347","ss1235984271","16","6616880"
"3348","ss1235984273","16","664917"
"3349","ss1235984281","16","685932"
"3351","ss1235984282","16","692760"
"3353","ss1235984283","16","699667"
"3383","ss1235984321","16","87413"
"3387","ss1235984326","17","10172361"
"3388","ss1235984327","17","10380761"
"3389","ss1235984328","17","10480175"
"3436","ss1235984482","17","39197990"
"3437","ss1235984486","17","39201834"
"3438","ss1235984490","17","39220702"
"3439","ss1235984492","17","39224303"
"3440","ss1235984494","17","39229430"
"3441","ss1235984496","17","39239656"
"3442","ss1235984498","17","39243783"
"3444","ss1235984502","17","39257107"
"3445","ss1235984504","17","39262184"
"3446","ss1235984506","17","39275197"
"3447","ss1235984508","17","39280633"
"3448","ss1235984513","17","39312098"
"3449","ss1235984517","17","39327912"
"3452","ss1235984529","17","39833517"
"3453","ss1235984533","17","39842871"
"3456","ss1235984540","17","39876624"
"3457","ss1235984542","17","39888839"
"3458","ss1235984544","17","39892189"
"3459","ss1235984546","17","39895803"
"3460","ss1235984548","17","39902684"
"3461","ss1235984550","17","39909715"
"3462","ss1235984554","17","39916453"
"3464","ss1235984558","17","39928609"
"3465","ss1235984560","17","39937886"
"3466","ss1235984562","17","39944050"
"3467","ss1235984566","17","39955018"
"3468","ss1235984569","17","39958592"
"3469","ss1235984571","17","39966301"
"3470","ss1235984573","17","39970304"
"3471","ss1235984577","17","39983349"
"3472","ss1235984579","17","39991515"
"3473","ss1235984581","17","39995769"
"3474","ss1235984585","17","40011766"
"3475","ss1235984587","17","40017374"
"3476","ss1235984589","17","40024858"
"3477","ss1235984591","17","40028346"
"3479","ss1235984595","17","40044043"
"3480","ss1235984597","17","40047676"
"3481","ss1235984599","17","40052834"
"3482","ss1235984603","17","40065250"
"3483","ss1235984605","17","40070565"
"3484","ss1235984610","17","40085507"
"3485","ss1235984616","17","40099537"
"3486","ss1235984618","17","40106816"
"3487","ss1235984620","17","40110566"
"3488","ss1235984622","17","40114569"
"3489","ss1235984624","17","40125314"
"3490","ss1235984627","17","40136720"
"3491","ss1235984629","17","40143209"
"3492","ss1235984633","17","40154092"
"3494","ss1235984637","17","40171607"
"3496","ss1235984643","17","40194243"
"3497","ss1235984645","17","40198645"
"3498","ss1235984646","17","40207080"
"3499","ss1235984648","17","40211241"
"3500","ss1235984650","17","40215426"
"3501","ss1235984654","17","40226935"
"3502","ss1235984656","17","40231016"
"3503","ss1235984658","17","40234459"
"3504","ss1235984660","17","40242198"
"3505","ss1235984662","17","40249239"
"3506","ss1235984666","17","40262033"
"3507","ss1235984669","17","40270527"
"3508","ss1235984671","17","40275343"
"3509","ss1235984673","17","40279918"
"3510","ss1235984675","17","40286569"
"3511","ss1235984679","17","40291665"
"3512","ss1235984681","17","40303352"
"3513","ss1235984684","17","40319870"
"3514","ss1235984686","17","40324574"
"3515","ss1235984688","17","40328244"
"3516","ss1235984690","17","40335597"
"3517","ss1235984692","17","40341721"
"3518","ss1235984694","17","40347754"
"3519","ss1235984696","17","40353884"
"3520","ss1235984698","17","40359290"
"3521","ss1235984700","17","40392823"
"3522","ss1235984702","17","40404616"
"3525","ss1235984711","17","40444709"
"3569","ss1235984819","18","12038236"
"3581","ss1235984849","18","13205099"
"3582","ss1235984851","18","13230146"
"3584","ss1235984859","18","13715145"
"3585","ss1235984860","18","14042120"
"3586","ss1235984862","18","14246875"
"3587","ss1235984864","18","14262236"
"3590","ss1235984878","18","14391732"
"3592","ss1235984883","18","14445877"
"3594","ss1235984887","18","14476003"
"3595","ss1235984891","18","14511734"
"3596","ss1235984893","18","14523888"
"3598","ss1235984901","18","14574921"
"3600","ss1235984904","18","14611267"
"3601","ss1235984906","18","14623616"
"3658","ss1235985074","18","16186337"
"3662","ss1235985090","18","16332290"
"3664","ss1235985098","18","16404231"
"3665","ss1235985100","18","16424420"
"3667","ss1235985106","18","16482141"
"3668","ss1235985109","18","1685460"
"3757","ss1235985339","18","20862102"
"3759","ss1235985343","18","21416584"
"3760","ss1235985351","18","23388188"
"3762","ss1235985357","18","23715143"
"3763","ss1235985359","18","2405952"
"3764","ss1235985363","18","24066663"
"3767","ss1235985388","18","25248574"
"3768","ss1235985384","18","25652831"
"3769","ss1235985382","18","26053343"
"3770","ss1235985380","18","28159153"
"3772","ss1235985378","18","29605648"
"3773","ss1235985390","18","31796128"
"3774","ss1235985398","18","34369913"
"3775","ss1235985396","18","34491793"
"3776","ss1235985400","18","35887060"
"3777","ss1235985402","18","40177550"
"3778","ss1235985404","18","40281256"
"3779","ss1235985406","18","40865491"
"3780","ss1235985409","18","41470016"
"3781","ss1235985413","18","41489493"
"3782","ss1235976088","18","41742649"
"3783","ss1235976091","18","41751179"
"3784","ss1235976094","18","41751587"
"3838","ss1235985579","18","49731234"
"3839","ss1235985581","18","49956537"
"3851","ss1235985621","18","6000564"
"3882","ss1235985741","19","1054160"
"3883","ss1235985745","19","1058672"
"3884","ss1235985747","19","1064738"
"3885","ss1235985749","19","1069123"
"3886","ss1235985752","19","1071914"
"3887","ss1235985758","19","1079106"
"3888","ss1235985759","19","1083718"
"3889","ss1235985761","19","1086258"
"3890","ss1235985765","19","1101108"
"3891","ss1235985767","19","1107149"
"3892","ss1235985769","19","1110053"
"3893","ss1235985777","19","1122473"
"3894","ss1235985781","19","1134125"
"3895","ss1235985785","19","1137367"
"3896","ss1235985787","19","1139541"
"3897","ss1235985789","19","1141001"
"3898","ss1235985791","19","1142787"
"3899","ss1235985793","19","1145002"
"3900","ss1235985797","19","1149316"
"3901","ss1235985799","19","1150769"
"3902","ss1235985801","19","1151994"
"3903","ss1235985805","19","1157854"
"3904","ss1235985809","19","1161667"
"3905","ss1235985811","19","1164972"
"3906","ss1235985813","19","1167050"
"3908","ss1235985816","19","1180860"
"3909","ss1235985818","19","1183407"
"3910","ss1235985821","19","1187981"
"3911","ss1235985825","19","1270094"
"3927","ss1235985899","19","1643077"
"3928","ss1235985901","19","1644336"
"3929","ss1235985903","19","1650567"
"3930","ss1235985908","19","1654494"
"3931","ss1235985909","19","1659075"
"3932","ss1235985912","19","1661426"
"3933","ss1235985914","19","1663791"
"3934","ss1235985916","19","1668102"
"3935","ss1235985918","19","1672420"
"3936","ss1235985920","19","1676679"
"3937","ss1235985922","19","1679580"
"3938","ss1235985926","19","1693639"
"3939","ss1235985928","19","1699290"
"3940","ss1235985930","19","1701239"
"3941","ss1235985932","19","1722655"
"3942","ss1235985934","19","1724016"
"3943","ss1235985938","19","1727350"
"3944","ss1235985939","19","1737393"
"3945","ss1235985941","19","1790089"
"3946","ss1235985943","19","1818179"
"3947","ss1235985945","19","1858113"
"3949","ss1235985955","19","2114435"
"3950","ss1235985957","19","2129907"
"4000","ss1235986080","19","38117320"
"4001","ss1235986082","19","38118588"
"4002","ss1235986084","19","38120514"
"4003","ss1235986086","19","38121783"
"4006","ss1235986098","19","38144798"
"4007","ss1235986103","19","38150427"
"4008","ss1235986105","19","38152818"
"4009","ss1235986106","19","38156753"
"4011","ss1235986110","19","38163571"
"4013","ss1235986116","19","38180101"
"4014","ss1235986118","19","38183955"
"4015","ss1235986120","19","38191829"
"4016","ss1235986122","19","38194228"
"4018","ss1235986126","19","38212986"
"4019","ss1235986128","19","38226904"
"4022","ss1235986138","19","38271587"
"4024","ss1235986142","19","38277935"
"4025","ss1235986144","19","38283450"
"4026","ss1235986147","19","38284793"
"4027","ss1235986149","19","38288802"
"4038","ss1235986174","19","38407098"
"4039","ss1235986177","19","38416914"
"4041","ss1235986187","19","38442555"
"4042","ss1235986189","19","38446518"
"4043","ss1235986191","19","38447758"
"4045","ss1235986195","19","38452459"
"4047","ss1235986199","19","38465228"
"4106","ss1235986351","19","876399"
"4107","ss1235986353","19","880864"
"4108","ss1235986354","19","882372"
"4109","ss1235986356","19","886320"
"4111","ss1235986358","19","888426"
"4112","ss1235986360","19","891714"
"4113","ss1235986364","19","894204"
"4114","ss1235986368","19","916207"
"4115","ss1235986370","19","922646"
"4116","ss1235986372","19","924552"
"4117","ss1235986377","19","930189"
"4118","ss1235986379","19","931727"
"4119","ss1235986382","19","934066"
"4120","ss1235986384","19","937368"
"4121","ss1235986386","19","938955"
"4122","ss1235986388","19","941653"
"4123","ss1235986392","19","946608"
"4124","ss1235986394","19","951531"
"4125","ss1235986395","19","953020"
"4126","ss1235986397","19","956422"
"4127","ss1235986399","19","957783"
"4128","ss1235986401","19","959607"
"4129","ss1235986403","19","961500"
"4130","ss1235986405","19","964454"
"4239","ss1235986683","20","47252488"
"4240","ss1235986686","20","511464"
"4241","ss1235986687","20","513312"
"4242","ss1235986692","20","537889"
"4243","ss1235986693","20","560654"
"4244","ss1235986696","20","566553"
"4245","ss1235986697","20","569606"
"4246","ss1235986698","20","571239"
"4247","ss1235986699","20","608715"
"4248","ss1235986700","20","613377"
"4249","ss1235986701","20","614003"
"4250","ss1235986702","20","614452"
"4251","ss1235986703","20","614858"
"4252","ss1235986705","20","618676"
"4253","ss1235986706","20","622095"
"4254","ss1235986707","20","622842"
"4255","ss1235986708","20","625556"
"4256","ss1235986709","20","626671"
"4257","ss1235986712","20","639737"
"4258","ss1235986417","20","7723645"
"4259","ss1235986715","20","795842"
"4260","ss1235986716","20","871165"
