"","Taxa","Yield","Protein","Oil","Seedsize","Height","Maturity"
"2","DS11-02003",4457.044866,38.6469897,21.96572356,16.53544963,104.0779955,1000.294109
"4","DS11-02005",4979.8782,39.2969897,21.49905689,18.83544963,110.3779955,998.4854302
"5","DS11-02006",4706.294866,37.7469897,21.73239023,17.3521163,105.3779955,995.0854302
"6","DS11-02007",4902.6282,38.71365637,21.71572356,17.7521163,107.6779955,995.3854302
"8","DS11-02014",4383.794866,39.5969897,20.96572356,16.78544963,96.87799551,1002.627443
"10","DS11-02017",4552.961533,40.26365637,20.78239023,17.26878296,105.9779955,992.6854302
"11","DS11-02019",4823.544866,40.08032304,21.59905689,18.4021163,112.8779955,1003.294109
"13","DS11-02022",4745.544866,39.71365637,21.56572356,18.93544963,101.1779955,995.4854302
"14","DS11-02023",4959.3782,39.4469897,20.79905689,15.23544963,110.8779955,994.6854302
"15","DS11-02024",4606.1282,40.7469897,21.24905689,16.63544963,105.2779955,1002.516332
"16","DS11-02025",4466.1282,39.9469897,20.96572356,16.71878296,113.5779955,1005.071887
"17","DS11-02026",4909.794866,38.13032304,21.71572356,16.58544963,113.4779955,997.3854302
"18","DS11-02027",4906.961533,39.0469897,21.76572356,19.1021163,110.3779955,998.7854302
"19","DS11-02029",4716.794866,39.51365637,21.59905689,17.9521163,104.8779955,992.0854302
"20","DS11-02030",4660.8782,39.46365637,21.38239023,16.76878296,107.0779955,989.0854302
"21","DS11-02031",4658.044866,39.83032304,21.06572356,18.56878296,100.5779955,992.9854302
"22","DS11-02032",4500.461533,39.88032304,21.78239023,18.43544963,101.9779955,990.6854302
"23","DS11-02033",4764.044866,38.38032304,22.24905689,17.0021163,102.7779955,993.5854302
"24","DS11-02035",4633.961533,39.7469897,21.69905689,17.9021163,101.0779955,1000.071887
"25","DS11-02036",4500.044866,38.18032304,21.43239023,16.26878296,112.0779955,997.6854302
"26","DS11-02037",4611.711533,38.71365637,21.68239023,18.6521163,111.9779955,997.3854302
"27","DS11-02038",4730.294866,40.5469897,20.71572356,18.61878296,111.7779955,995.1854302
"29","DS11-02040",5048.544866,40.06365637,20.99905689,17.3521163,113.5779955,1005.627443
"30","DS11-02042",4669.211533,38.83032304,21.26572356,17.4521163,98.47799551,991.2854302
"31","DS11-02043",4899.6282,39.5969897,21.58239023,16.9021163,106.5779955,994.6854302
"32","DS11-02044",4946.1282,38.91365637,22.23239023,19.8021163,110.8779955,1002.294109
"35","DS11-02047",5222.754235,39.2469897,21.06572356,18.2021163,107.8617959,1015.475567
"36","DS11-02049",5523.532013,39.76365637,21.13239023,19.23544963,103.2367959,1013.600567
"37","DS11-02051",5563.976457,38.8969897,21.33239023,19.13544963,105.9867959,1028.371032
"39","DS11-02054",4945.532013,39.46365637,20.84905689,18.7521163,119.8617959,1018.975567
"42","DS11-02057",4922.532013,38.56365637,21.91572356,17.66878296,113.6117959,1015.475567
"43","DS11-02059",5215.087568,39.88032304,21.54905689,18.6521163,112.3617959,1010.350567
"45","DS11-02061",5204.532013,38.4469897,21.93239023,16.4521163,111.9867959,1016.350567
"46","DS11-02063",5565.087568,38.1969897,21.48239023,18.3021163,109.3617959,1029.228174
"47","DS11-02064",5077.087568,41.6469897,20.54905689,18.46878296,111.6117959,1027.011336
"48","DS11-02065",5459.532013,39.58032304,21.48239023,18.53544963,100.1117959,1027.371032
"49","DS11-02066",5192.087568,39.0469897,21.14905689,16.71878296,126.9867959,1013.475567
"52","DS11-02069",5534.865346,39.51365637,21.63239023,18.63544963,106.1117959,1028.656746
"53","DS11-02070",5384.865346,39.3969897,20.48239023,16.93544963,117.9867959,1018.850567
"54","DS11-02071",5067.754235,38.46365637,22.28239023,17.7021163,107.9867959,1014.225567
"60","DS11-02078",5439.976457,38.7969897,21.28239023,17.11878296,107.8617959,1027.656746
"62","DS11-02080",5306.865346,40.2969897,20.71572356,16.63544963,124.2367959,1019.225567
"66","DS11-02086",5443.976457,39.43032304,22.03239023,20.18544963,99.86179586,1013.600567
"67","DS11-02089",5667.309791,39.9969897,20.56572356,18.26878296,105.7367959,1026.513889
"68","DS11-02091",5315.341435,41.47014251,22.95036524,16.92446995,116.2267462,1068.255453
"69","DS11-02093",5457.770007,40.97014251,22.35036524,18.22446995,126.8934129,1044.24743
"71","DS11-02095",5694.484293,39.94514251,23.45036524,17.89946995,109.0600796,1043.74743
"73","DS11-02098",5625.62715,41.89514251,22.20036524,18.74946995,107.2267462,1043.74743
"74","DS11-02099",5014.341435,42.22014251,22.17536524,16.17446995,105.5600796,1042.414097
"77","DS11-02108",5557.220382,42.12014251,22.47536524,19.44946995,108.8613893,1024.020992
"78","DS11-02113",5438.470382,42.52014251,21.90036524,16.67446995,99.00424645,1039.656605
"79","DS11-02115",5593.220382,43.54514251,21.87536524,19.32446995,104.2899607,1024.592421
"80","DS11-02118",5452.095382,42.89514251,21.95036524,19.02446995,111.8613893,1025.306707
"81","DS11-02120",5583.970382,42.64514251,22.95036524,18.97446995,110.0042464,1023.163849
"82","DS11-02121",5539.845382,43.94514251,21.40036524,17.97446995,104.0042464,1028.592421
"83","DS11-02123",5305.970382,42.24514251,22.45036524,19.84946995,104.8613893,1023.878135
"84","DS11-02127",5506.220382,42.02014251,22.67536524,17.09946995,97.14710359,1020.735278
"85","DS11-02129",5456.792844,42.24514251,22.42536524,17.52446995,114.2899607,1024.020992
"86","DS11-02131",5430.595382,42.44514251,22.62536524,17.19946995,111.575675,1036.989938
"87","DS11-02132",5209.220382,42.77014251,22.15036524,16.52446995,104.8613893,1039.656605
"88","DS11-02133",5487.470382,40.87014251,22.22536524,16.84946995,109.2899607,1037.989938
"89","DS11-02135",5764.220382,42.62014251,21.50036524,18.87446995,117.0042464,1042.656605
"91","DS11-02140",5347.595382,42.52014251,22.05036524,18.17446995,113.2899607,1039.156605
"92","DS11-02141",5834.595382,42.37014251,21.90036524,17.79946995,115.1471036,1041.489938
"93","DS11-02142",5215.970382,41.22014251,22.90036524,19.29946995,101.1471036,1037.989938
"94","DS11-02143",5459.345382,42.27014251,23.00036524,18.79946995,110.4328179,1037.823271
"95","DS11-02149",5579.220382,42.59514251,22.67536524,18.42446995,105.0042464,1020.878135
"96","DS11-02150",5655.864993,44.42498698,22.99157575,17.67330011,119.8613893,1041.989938
"97","DS11-02151",5623.595382,40.27014251,23.32536524,19.54946995,109.4328179,1036.823271
"98","DS11-02152",5455.345382,42.19514251,22.22536524,17.02446995,113.1471036,1026.735278
"99","DS11-02154",5593.095382,42.07014251,22.52536524,20.12446995,106.7185322,1024.163849
"100","DS11-02155",5364.095382,42.84514251,22.02536524,17.27446995,112.0042464,1034.489938
"101","DS11-02156",5541.912864,41.37014251,23.37536524,19.09946995,102.0600796,1039.24743
"102","DS11-02157",5484.341435,42.34514251,22.85036524,19.27446995,91.72674624,1063.655453
"103","DS11-02158",5278.912864,42.34514251,22.65036524,15.89946995,100.8934129,1038.74743
"104","DS11-02159",5081.484293,41.69514251,22.60036524,17.84946995,125.3934129,1065.855453
"105","DS11-02161",5279.484293,42.42014251,22.60036524,18.92446995,114.2267462,1041.914097
"106","DS11-02162",5458.055721,41.94514251,22.67536524,20.42446995,100.2267462,1042.24743
"107","DS11-02163",5403.484293,42.79514251,21.37536524,16.42446995,100.8934129,1060.655453
"108","DS11-02164",5639.198578,41.49514251,23.30036524,20.47446995,111.8934129,1039.414097
"109","DS11-02165",5075.198578,42.52014251,23.00036524,17.99946995,103.0600796,1040.414097
"110","DS11-02166",5581.770007,42.17014251,22.50036524,18.54946995,100.3934129,1043.914097
"111","DS11-02167",5520.912864,42.64514251,21.97536524,15.84946995,100.7267462,1037.414097
"112","DS11-02168",5568.341435,40.69514251,22.47536524,17.47446995,105.7267462,1036.74743
"113","DS11-02169",5623.770007,40.92014251,23.12536524,17.82446995,109.2267462,1043.080764
"115","DS11-02173",5775.484293,41.39514251,22.72536524,19.87446995,109.0600796,1062.455453
"116","DS11-02174",5642.484293,42.77014251,22.67536524,20.24946995,107.7267462,1039.914097
"118","DS11-02177",5441.770007,42.34514251,22.45036524,19.44946995,111.0600796,1044.580764
"119","DS11-02178",5620.912864,41.87014251,23.02536524,21.84946995,112.0600796,1042.914097
"120","DS11-02180",5075.62715,42.19514251,22.20036524,17.97446995,111.5600796,1041.580764
"121","DS11-02181",5521.341435,40.39514251,23.00036524,17.14946995,102.7267462,1044.080764
"122","DS11-02182",5406.198578,42.62014251,22.22536524,17.24946995,97.39341291,1042.580764
"123","DS11-02183",5440.484293,41.74514251,23.17536524,19.89946995,112.0600796,1063.455453
"124","DS11-02186",5650.198578,41.09514251,23.32536524,17.94946995,104.3934129,1041.24743
"125","DS11-02187",5816.198578,41.49514251,22.60036524,19.02446995,103.7267462,1043.080764
"126","DS11-02188",5493.912864,40.94514251,23.20036524,20.34946995,98.72674624,1060.455453
"127","DS11-02190",5719.055721,40.84514251,23.20036524,19.02446995,107.5600796,1065.655453
"128","DS11-02191",5792.62715,40.87014251,22.85036524,17.74946995,101.8934129,1042.580764
"5515","Parent_IA3023",5142.307175,41.32742912,22.25379858,18.53017788,107.8342922,1016.189712
"5526","TN05-3027",5142.307175,41.32742912,22.25379858,18.53017788,107.8342922,1016.189712
"5488","4J105-3-4",5142.307175,41.32742912,22.25379858,18.53017788,107.8342922,1016.189712
"129","DS11-03003",5526.716113,39.66365637,21.58239023,19.11878296,104.0626238,1001.607434
"130","DS11-03004",5550.016113,40.38032304,21.06572356,20.28544963,117.8404016,1005.2741
"131","DS11-03005",5665.916113,38.23032304,22.46572356,21.51878296,116.5070683,1005.385211
"132","DS11-03006",5139.516113,39.8469897,21.66572356,18.51878296,97.06262384,1000.496322
"133","DS11-03007",5610.516113,39.33032304,21.28239023,18.53544963,97.06262384,1002.162989
"134","DS11-03008",5577.216113,40.2969897,21.31572356,17.18544963,116.2848461,1004.2741
"135","DS11-03009",5047.716113,38.58032304,21.54905689,16.9521163,96.28484606,1003.940767
"136","DS11-03010",5540.316113,38.6969897,21.29905689,17.78544963,101.7292905,1009.282448
"137","DS11-03011",5149.416113,39.7969897,21.23239023,17.28544963,91.06262384,1001.2741
"138","DS11-03012",5636.816113,39.66365637,21.69905689,17.73544963,107.5070683,1013.032448
"139","DS11-03013",5240.416113,39.2969897,21.73239023,17.0021163,118.9515127,1004.2741
"140","DS11-03014",5674.816113,39.88032304,20.99905689,17.91878296,105.3959572,1015.657448
"141","DS11-03015",5508.716113,38.6969897,21.73239023,19.86878296,112.173735,1012.157448
"142","DS11-03016",4994.116113,38.8969897,21.66572356,18.68544963,106.3959572,1009.657448
"143","DS11-03017",5345.216113,38.88032304,21.59905689,19.0021163,95.84040162,1010.282448
"144","DS11-03018",4811.316113,38.06365637,22.14905689,19.18544963,84.6181794,1006.532448
"145","DS11-03019",5377.116113,38.88032304,21.14905689,18.31878296,101.8404016,1015.782448
"146","DS11-03020",5643.716113,38.9969897,21.36572356,17.78544963,102.173735,1007.940767
"147","DS11-03021",5356.416113,38.08032304,21.94905689,18.2021163,105.2848461,1001.940767
"148","DS11-03022",5206.616113,36.68032304,23.03239023,17.6021163,102.173735,1008.782448
"149","DS11-03023",5171.616113,37.31365637,22.39905689,18.06878296,95.39595717,1010.032448
"150","DS11-03024",5287.416113,39.76365637,21.38239023,18.33544963,105.173735,1011.032448
"151","DS11-03025",5258.116113,38.3969897,21.58239023,20.2021163,96.6181794,1003.718545
"152","DS11-03026",5481.116113,39.31365637,21.61572356,20.06878296,96.39595717,1001.718545
"153","DS11-03027",5213.116113,38.9469897,21.94905689,19.46878296,92.50706828,1010.532448
"154","DS11-03029",5323.116113,38.76365637,21.94905689,17.33544963,102.0626238,1009.532448
"155","DS11-03030",5054.516113,38.81365637,22.16572356,19.76878296,109.3959572,998.4963225
"156","DS11-03031",5807.216113,38.3469897,21.73239023,20.71878296,99.84040162,1014.032448
"157","DS11-03032",5509.416113,38.93032304,21.71572356,21.7521163,116.173735,1001.607434
"159","DS11-03034",5118.616113,37.48032304,22.43239023,20.7021163,89.39595717,1002.718545
"160","DS11-03036",5631.416113,38.5469897,21.88239023,18.78544963,110.8404016,1005.607434
"161","DS11-03037",5525.216113,38.98032304,21.29905689,18.58544963,106.5070683,1014.407448
"162","DS11-03038",5152.116113,38.91365637,22.24905689,17.61878296,100.0626238,1002.385211
"163","DS11-03039",5313.716113,38.9969897,22.23239023,17.66878296,105.7292905,1011.532448
"164","DS11-03041",5280.016113,38.63032304,21.44905689,17.66878296,110.6181794,1001.051878
"165","DS11-03044",5278.816113,37.16365637,22.13239023,19.03544963,113.3959572,1001.2741
"166","DS11-03045",5204.316113,40.26365637,20.88239023,15.8521163,103.5070683,1001.385211
"167","DS11-03047",5643.016113,39.48032304,20.86572356,17.21878296,116.0626238,1004.607434
"168","DS11-03048",5206.516113,38.66365637,21.83239023,16.78544963,108.8404016,1003.496322
"169","DS11-03050",5231.716113,40.6469897,20.73239023,17.81878296,103.6181794,1003.829656
"170","DS11-03052",5409.816113,38.3469897,22.36572356,18.71878296,100.8404016,1000.718545
"172","DS11-03055",5664.716113,38.81365637,21.83239023,20.46878296,104.173735,1002.2741
"173","DS11-03057",5445.916113,37.93032304,22.36572356,20.61878296,98.6181794,997.9407669
"174","DS11-03058",5571.716113,38.91365637,21.79905689,16.68544963,108.7292905,1011.092715
"175","DS11-03059",5296.616113,37.38032304,22.58239023,16.9521163,108.7292905,1000.496322
"177","DS11-03064",5688.016113,38.81365637,21.54905689,19.21878296,112.0626238,1003.2741
"178","DS11-03065",5160.116113,38.36365637,22.03239023,16.9021163,106.9515127,998.7185447
"179","DS11-03066",5606.716113,39.11365637,21.49905689,18.1521163,111.2848461,1002.2741
"180","DS11-03067",5527.316113,39.43032304,21.19905689,17.83544963,99.6181794,1000.607434
"181","DS11-03070",5345.316113,37.56365637,21.54905689,18.58544963,98.95151273,999.7185447
"182","DS11-03071",5650.316113,38.51365637,22.59905689,19.61878296,114.9515127,1003.940767
"183","DS11-03072",5517.416113,38.93032304,21.59905689,19.91878296,115.2848461,1002.2741
"184","DS11-03074",5430.916113,38.36365637,22.13239023,20.36878296,100.5070683,1001.051878
"185","DS11-03075",5482.716113,38.1969897,21.96572356,19.31878296,94.84040162,1002.718545
"186","DS11-03076",5111.316113,37.26365637,22.44905689,17.26878296,94.50706828,997.6074336
"187","DS11-03077",5087.016113,39.26365637,21.44905689,18.41878296,116.7292905,1001.162989
"188","DS11-03078",5323.116113,38.93032304,21.44905689,19.6021163,127.6181794,1005.718545
"189","DS11-03079",5567.916113,39.31365637,20.84905689,18.6021163,98.06262384,1004.385211
"190","DS11-03080",5370.416113,37.8469897,22.01572356,19.28544963,103.3959572,1000.162989
"191","DS11-03081",5450.516113,38.7469897,21.98239023,17.23544963,104.2848461,997.7185447
"192","DS11-03082",5494.216113,39.38032304,21.59905689,18.61878296,101.8404016,999.8296558
"193","DS11-03083",5479.716113,37.83032304,22.83239023,20.8021163,94.84040162,999.7185447
"194","DS11-03084",5484.416113,38.46365637,22.26572356,20.3521163,103.8404016,1000.718545
"195","DS11-03085",5296.216113,38.43032304,22.29905689,18.6021163,95.6181794,997.7185447
"196","DS11-03086",5166.216113,39.1469897,21.68239023,17.18544963,104.9515127,1001.718545
"197","DS11-03088",5708.616113,38.41365637,22.66572356,21.46878296,111.7292905,1000.385211
"198","DS11-03089",5660.416113,39.03032304,21.56572356,20.2521163,105.5070683,1004.496322
"199","DS11-03104",5863.198578,42.59514251,22.00036524,18.49946995,107.3934129,1040.080764
"200","DS11-03106",6012.484293,41.47014251,22.67536524,18.47446995,109.8934129,1042.24743
"201","DS11-03108",5669.341435,42.97014251,22.55036524,19.77446995,96.56007958,1041.080764
"202","DS11-03109",5774.055721,41.94514251,22.70036524,18.27446995,112.7267462,1042.914097
"203","DS11-03110",5834.198578,40.79514251,22.95036524,19.14946995,95.06007958,1041.080764
"204","DS11-03111",5882.912864,41.52014251,22.75036524,21.47446995,112.5600796,1040.74743
"205","DS11-03112",5614.62715,43.19514251,22.50036524,18.47446995,100.5600796,1038.914097
"206","DS11-03113",5793.055721,42.24514251,22.45036524,18.04946995,108.0600796,1039.580764
"207","DS11-03115",5738.912864,42.09514251,23.02536524,20.29946995,106.8934129,1038.24743
"208","DS11-03116",5684.198578,41.19514251,22.85036524,18.12446995,108.7267462,1036.74743
"209","DS11-03119",5760.055721,41.94514251,22.65036524,19.17446995,102.0600796,1037.580764
"210","DS11-03120",5461.055721,43.32014251,21.67536524,18.49946995,100.7267462,1041.580764
"211","DS11-03122",5869.055721,42.37014251,22.32536524,21.17446995,118.5600796,1042.414097
"212","DS11-03123",6040.912864,42.59514251,22.12536524,18.17446995,109.8934129,1044.080764
"213","DS11-03124",5310.770007,41.82014251,22.52536524,17.39946995,113.8934129,1041.414097
"214","DS11-03126",6078.341435,41.79514251,22.50036524,20.52446995,111.8934129,1041.080764
"215","DS11-03128",6129.198578,42.77014251,22.10036524,20.14946995,118.2267462,1065.855453
"216","DS11-03129",5794.62715,42.87014251,22.57536524,20.09946995,103.5600796,1040.74743
"217","DS11-03130",5686.912864,42.07014251,22.65036524,17.32446995,114.5600796,1037.74743
"218","DS11-03131",5690.770007,43.34514251,22.00036524,17.87446995,112.0600796,1039.914097
"219","DS11-03132",6201.912864,42.64514251,22.35036524,20.39946995,104.3934129,1045.080764
"220","DS11-03133",5642.055721,43.32014251,22.22536524,17.02446995,103.7267462,1036.74743
"221","DS11-03134",6070.912864,42.07014251,22.95036524,21.99946995,114.7267462,1042.080764
"222","DS11-03135",5892.198578,40.59514251,23.10036524,20.54946995,111.3934129,1041.080764
"223","DS11-03138",5761.198578,39.82014251,23.70036524,21.47446995,109.2267462,1039.24743
"224","DS11-03142",5901.484293,42.87014251,22.55036524,20.34946995,110.7267462,1043.74743
"225","DS11-03143",5745.770007,42.42014251,21.62536524,18.59946995,108.8934129,1043.74743
"226","DS11-03144",5656.770007,42.62014251,21.65036524,20.62446995,110.5600796,1043.414097
"227","DS11-03145",5917.055721,40.87014251,22.72536524,20.14946995,110.7267462,1041.74743
"228","DS11-03147",5672.341435,42.87014251,22.65036524,18.49946995,93.22674624,1035.580764
"229","DS11-03148",6268.770007,41.27014251,22.57536524,21.77446995,128.7267462,1045.74743
"230","DS11-03149",5761.912864,42.62014251,22.20036524,19.62446995,114.7267462,1041.914097
"231","DS11-03151",5953.341435,41.67014251,22.22536524,20.97446995,108.5600796,1039.414097
"232","DS11-03154",6016.055721,41.32014251,22.77536524,22.12446995,113.3934129,1039.74743
"233","DS11-03157",5639.62715,41.87014251,22.27536524,19.17446995,102.7267462,1043.24743
"234","DS11-03158",5222.527571,44.38011417,23.81808726,23.17854395,115.1557582,1026.761004
"235","DS11-03160",5713.305349,45.54678084,23.11808726,21.41187728,111.5307582,1014.566793
"236","DS11-03161",5764.860904,45.84678084,22.71808726,19.71187728,117.9057582,1011.066793
"237","DS11-03162",5611.638682,44.64678084,23.68475393,19.04521061,102.0307582,1010.066793
"238","DS11-03163",5694.972015,44.8134475,23.71808726,23.44521061,122.1557582,1015.066793
"239","DS11-03164",5394.171891,43.44678084,24.71808726,21.14521061,113.1557582,1010.816793
"240","DS11-03165",5369.691873,49.05651891,26.40276175,23.79249462,106.9057582,1022.761004
"241","DS11-03166",5241.083126,43.74678084,24.08475393,19.07854395,95.65575821,1010.566793
"242","DS11-03168",5579.638682,45.0134475,23.38475393,21.31187728,99.53075821,1012.441793
"243","DS11-03169",5590.749793,46.68011417,22.31808726,20.14521061,103.7807582,1013.941793
"244","DS11-03170",5955.194237,45.24678084,23.55142059,21.91187728,110.4057582,1023.618147
"245","DS11-03171",5664.527571,44.0134475,23.78475393,20.57854395,109.1557582,1027.046718
"246","DS11-03172",5654.638682,44.98011417,23.38475393,18.97854395,112.4057582,1013.441793
"247","DS11-03173",5607.527571,44.64678084,23.61808726,20.31187728,102.9057582,1026.903861
"248","DS11-03174",5820.749793,43.7134475,23.88475393,21.61187728,98.78075821,1013.941793
"249","DS11-03175",5868.860904,45.34678084,23.41808726,20.21187728,107.1557582,1021.903861
"250","DS11-03176",5352.41646,45.18011417,24.25142059,20.94521061,123.9057582,1023.618147
"251","DS11-03177",5516.860904,44.28011417,24.18475393,20.67854395,103.4057582,1011.816793
"252","DS11-03178",5485.816873,50.95651891,25.90276175,20.69249462,111.2807582,1023.618147
"253","DS11-03180",5425.194237,44.74678084,23.85142059,20.87854395,108.7807582,1014.691793
"254","DS11-03181",5466.083126,44.74678084,23.15142059,21.11187728,113.6557582,1026.189576
"255","DS11-03183",5589.083126,43.54678084,24.51808726,20.21187728,106.1557582,1009.941793
"256","DS11-03185",5613.305349,43.78011417,23.85142059,18.54521061,108.7807582,1009.941793
"257","DS11-03186",5825.083126,44.08011417,23.98475393,21.47854395,111.7807582,1026.332433
"258","DS11-03188",5324.527571,45.9134475,23.11808726,22.51187728,103.7807582,1025.761004
"259","DS11-03189",5569.638682,45.08011417,23.41808726,19.64521061,99.15575821,1022.046718
"260","DS11-03190",5468.972015,44.6134475,24.01808726,20.11187728,110.2807582,1026.189576
"261","DS11-03195",5403.41646,45.28011417,23.78475393,19.51187728,105.9057582,1011.441793
"262","DS11-03196",5609.860904,44.98011417,23.58475393,21.24521061,107.5307582,1013.691793
"263","DS11-03197",5257.41646,46.24678084,22.95142059,18.57854395,102.5307582,1022.903861
"264","DS11-03198",5349.860904,43.84678084,24.75142059,19.67854395,97.65575821,1022.046718
"265","DS11-03199",5379.638682,45.18011417,23.11808726,19.17854395,109.4057582,1024.332433
"266","DS11-03200",5095.749793,45.4134475,23.21808726,18.47854395,107.6557582,1010.941793
"267","DS11-03202",5646.41646,43.84678084,23.55142059,19.87854395,99.53075821,1012.816793
"268","DS11-03203",5409.305349,45.18011417,23.25142059,23.97854395,101.4057582,1014.441793
"5489","5M20-2-5-2",5142.307175,41.32742912,22.25379858,18.53017788,107.8342922,1016.189712
"269","DS11-04002",5385.416113,40.13032304,20.73239023,17.86878296,103.9515127,1006.162989
"270","DS11-04003",5042.416113,39.3469897,21.04905689,18.31878296,104.2848461,1003.940767
"271","DS11-04006",4851.016113,38.51365637,21.83239023,19.0021163,98.28484606,1005.940767
"272","DS11-04007",5325.016113,40.06365637,21.11572356,18.6021163,100.2848461,1003.718545
"273","DS11-04008",5170.216113,38.51365637,21.64905689,19.33544963,107.2848461,1002.718545
"274","DS11-04009",5062.516113,40.13032304,20.94905689,19.56878296,93.84040162,1005.162989
"275","DS11-04010",5118.016113,38.73032304,21.79905689,18.93544963,96.95151273,1000.607434
"276","DS11-04012",4890.416113,39.61365637,21.09905689,19.0021163,102.8404016,1003.940767
"277","DS11-04013",5123.716113,39.43032304,21.14905689,16.56878296,99.50706828,1002.162989
"278","DS11-04015",5123.916113,40.26365637,20.21572356,17.56878296,101.8404016,1006.496322
"279","DS11-04016",5000.616113,37.3969897,22.19905689,19.18544963,115.2848461,1002.607434
"280","DS11-04017",5080.916113,39.4469897,21.58239023,18.6521163,101.0626238,1005.385211
"281","DS11-04023",5053.816113,37.41365637,22.19905689,20.1521163,98.95151273,1001.162989
"282","DS11-04027",4818.116113,37.48032304,21.69905689,16.78544963,102.6181794,1003.162989
"283","DS11-04028",5268.516113,39.0969897,21.39905689,19.91878296,107.8404016,1002.162989
"284","DS11-04029",4871.916113,39.23032304,21.21572356,16.81878296,105.5070683,1004.496322
"285","DS11-04030",5137.216113,39.5969897,20.94905689,17.33544963,104.0626238,1003.607434
"286","DS11-04032",4960.016113,39.63032304,20.96572356,16.9521163,110.3959572,1005.496322
"287","DS11-04033",5048.716113,38.58032304,21.96572356,19.06878296,92.28484606,1001.2741
"288","DS11-04035",5155.116113,38.5969897,21.38239023,18.78544963,109.3959572,1005.496322
"289","DS11-04036",5161.616113,37.91365637,21.43239023,17.88544963,103.9515127,1003.496322
"290","DS11-04037",5376.716113,39.23032304,21.24905689,17.31878296,103.8404016,1003.607434
"291","DS11-04039",4889.216113,38.8469897,21.78239023,18.8521163,108.8404016,1002.496322
"292","DS11-04040",5293.016113,39.48032304,21.41572356,19.38544963,101.3959572,1005.718545
"293","DS11-04041",5188.716113,38.8469897,20.78239023,19.0521163,110.6181794,1007.829656
"294","DS11-04043",4719.516113,40.96365637,20.23239023,17.26878296,107.9515127,1016.369815
"295","DS11-04044",5106.516113,38.68032304,21.43239023,17.48544963,97.6181794,1000.718545
"296","DS11-04045",5226.616113,39.06365637,21.21572356,17.93544963,106.173735,1004.2741
"297","DS11-04047",5016.916113,39.33032304,20.63239023,18.26878296,105.173735,1004.829656
"298","DS11-04048",5058.416113,38.5969897,21.36572356,18.01878296,108.3959572,1005.718545
"299","DS11-04049",5286.416113,38.16365637,21.66572356,17.73544963,102.9515127,1002.385211
"300","DS11-04050",5147.516113,40.36365637,20.46572356,18.9521163,107.3959572,1003.051878
"301","DS11-04051",4842.316113,38.61365637,21.43239023,16.46878296,98.50706828,1004.829656
"303","DS11-04053",4932.316113,38.6969897,21.48239023,18.93544963,93.06262384,1004.162989
"304","DS11-04054",5337.116113,40.01365637,21.31572356,20.1521163,95.06262384,1012.782448
"305","DS11-04055",5474.616113,38.51365637,21.81572356,20.4521163,99.50706828,1012.532448
"306","DS11-04056",5536.616113,39.6969897,20.96572356,19.1021163,102.7292905,1012.407448
"307","DS11-04058",5171.616113,37.5469897,22.14905689,17.5021163,98.84040162,1011.282448
"308","DS11-04059",5412.716113,40.5969897,21.19905689,17.88544963,117.9515127,1004.2741
"309","DS11-04060",5177.016113,40.13032304,20.59905689,19.73544963,113.2848461,1012.907448
"310","DS11-04061",5409.916113,40.21365637,21.26572356,19.33544963,107.173735,1003.2741
"311","DS11-04062",5040.016113,38.66365637,21.36572356,17.06878296,102.3959572,1011.657448
"312","DS11-04063",5491.316113,38.7969897,21.49905689,18.63544963,99.50706828,1004.051878
"313","DS11-04064",5317.816113,39.63032304,21.64905689,19.38544963,105.9515127,1012.532448
"314","DS11-04068",5082.616113,39.51365637,20.53239023,16.11878296,98.50706828,1010.907448
"315","DS11-04069",5159.616113,38.56365637,21.76572356,18.0521163,98.6181794,1003.162989
"316","DS11-04072",5020.016113,39.6969897,21.23239023,18.9521163,112.7292905,1005.718545
"317","DS11-04073",5190.816113,39.1469897,21.34905689,18.51878296,102.9515127,1004.718545
"318","DS11-04074",5448.216113,39.6469897,21.08239023,19.23544963,97.95151273,1000.496322
"319","DS11-04075",5348.816113,38.58032304,21.16572356,17.98544963,99.72929051,1005.385211
"320","DS11-04078",5356.116113,39.21365637,21.29905689,17.48544963,100.7292905,1015.407448
"321","DS11-04079",5284.016113,38.56365637,21.41572356,18.03544963,98.72929051,1011.907448
"322","DS11-04080",5394.916113,39.4469897,21.24905689,17.21878296,102.2848461,1005.162989
"323","DS11-04082",5113.016113,40.41365637,21.19905689,17.28544963,101.0626238,1001.162989
"324","DS11-04084",5050.316113,40.7969897,20.83239023,18.9021163,94.6181794,1012.407448
"325","DS11-04085",5357.816113,40.63032304,20.59905689,18.48544963,100.7292905,1014.157448
"326","DS11-04089",5231.116113,39.43032304,21.38239023,16.81878296,91.50706828,1001.2741
"327","DS11-04090",5207.616113,39.18032304,20.93239023,16.96878296,91.84040162,1000.2741
"328","DS11-04091",5125.516113,39.88032304,21.13239023,20.01878296,106.7292905,1002.829656
"329","DS11-04092",5279.116113,38.93032304,21.71572356,18.6521163,102.5070683,1000.496322
"330","DS11-04094",5137.116113,38.91365637,21.41572356,18.01878296,101.2848461,1002.718545
"331","DS11-04095",5470.716113,39.48032304,21.33239023,20.96878296,109.8404016,1003.829656
"332","DS11-04096",5244.016113,40.4469897,20.61572356,18.33544963,104.0626238,1001.2741
"333","DS11-04097",5144.116113,40.0969897,20.49905689,17.78544963,103.6181794,1012.532448
"334","DS11-04098",5083.216113,39.23032304,21.09905689,17.06878296,111.173735,1011.782448
"335","DS11-04099",5213.016113,40.43032304,21.24905689,17.16878296,101.7292905,1004.051878
"336","DS11-04100",5291.016113,41.63032304,20.03239023,19.01878296,99.72929051,1016.032448
"337","DS11-04101",5433.216113,40.0469897,20.88239023,18.8021163,105.0626238,1005.829656
"338","DS11-04104",4900.216113,40.98032304,20.28239023,17.2021163,106.3959572,1013.407448
"339","DS11-04112",5775.62715,42.99514251,21.80036524,18.02446995,113.5600796,1036.580764
"340","DS11-04114",5832.770007,43.52014251,20.95036524,18.67446995,104.7267462,1042.24743
"341","DS11-04115",5552.912864,41.29514251,22.20036524,18.44946995,97.22674624,1039.414097
"342","DS11-04116",5704.198578,42.47014251,22.30036524,20.19946995,104.7267462,1040.414097
"343","DS11-04119",5471.198578,40.72014251,23.25036524,18.57446995,106.3934129,1036.580764
"344","DS11-04120",5970.912864,43.14514251,22.47536524,19.72446995,105.7267462,1043.414097
"345","DS11-04121",5585.912864,44.47014251,21.67536524,21.82446995,105.7267462,1039.580764
"346","DS11-04122",5583.341435,41.89514251,22.57536524,19.84946995,102.2267462,1038.24743
"347","DS11-04124",5565.198578,42.22014251,21.92536524,17.32446995,108.2267462,1039.914097
"348","DS11-04127",5429.770007,41.94514251,22.87536524,18.84946995,103.5600796,1037.580764
"349","DS11-04129",6351.484293,41.47014251,22.42536524,19.22446995,100.7267462,1039.74743
"350","DS11-04130",5761.055721,41.74514251,22.87536524,20.02446995,98.56007958,1037.580764
"351","DS11-04132",5946.055721,41.84514251,23.07536524,19.47446995,99.06007958,1038.914097
"352","DS11-04133",5854.62715,42.92014251,21.85036524,18.29946995,108.2267462,1036.74743
"353","DS11-04135",5746.912864,41.82014251,22.80036524,18.49946995,100.7267462,1036.914097
"354","DS11-04137",5739.198578,42.19514251,22.40036524,19.44946995,104.5600796,1034.080764
"355","DS11-04138",5437.341435,42.89514251,22.05036524,19.54946995,110.3934129,1039.74743
"356","DS11-04140",5507.055721,41.99514251,22.95036524,18.84946995,99.72674624,1041.914097
"357","DS11-04142",5632.341435,43.19514251,22.37536524,20.14946995,99.39341291,1035.080764
"358","DS11-04143",5677.341435,42.77014251,22.25036524,20.29946995,106.3934129,1040.080764
"359","DS11-04145",5868.198578,43.34514251,22.35036524,19.97446995,116.7267462,1040.74743
"360","DS11-04146",5518.770007,42.02014251,22.92536524,19.99946995,109.3934129,1038.24743
"361","DS11-04147",5537.341435,42.29514251,22.60036524,19.04946995,110.7267462,1040.914097
"362","DS11-04148",5781.341435,42.59514251,22.50036524,18.99946995,101.8934129,1039.74743
"363","DS11-04149",5861.198578,41.27014251,23.05036524,19.39946995,109.2267462,1038.914097
"365","DS11-04152",5492.198578,46.28442178,22.95090757,20.81574573,112.7267462,1041.080764
"366","DS11-04153",5603.341435,43.27014251,21.75036524,16.87446995,95.06007958,1036.24743
"367","DS11-04155",5782.62715,42.37014251,22.42536524,18.77446995,106.3934129,1038.914097
"368","DS11-04156",5516.484293,42.47014251,22.42536524,17.49946995,104.0600796,1040.080764
"369","DS11-04157",5478.198578,42.62014251,22.40036524,18.59946995,106.0600796,1036.24743
"370","DS11-04158",5468.198578,41.89514251,22.30036524,17.57446995,106.0600796,1036.914097
"371","DS11-04160",5613.484293,41.92014251,22.15036524,20.54907906,100.7267462,1039.24743
"372","DS11-04162",5702.62715,42.77014251,22.30036524,19.39946995,97.06007958,1038.414097
"373","DS11-04163",5621.341435,42.27014251,22.15036524,19.37446995,92.72674624,1039.580764
"374","DS11-04164",5646.796891,42.77014251,22.17536524,18.94946995,98.93954543,1025.55314
"375","DS11-04165",5828.796891,42.14514251,22.65036524,20.49946995,106.3681169,1024.124569
"376","DS11-04167",5423.921891,42.72014251,21.85036524,18.64946995,111.510974,1026.981712
"377","DS11-04168",5998.296891,41.29514251,22.60036524,19.99946995,102.7966883,1040.944111
"378","DS11-04169",5207.421891,43.64514251,20.95036524,19.59946995,116.510974,1029.267426
"379","DS11-04170",5628.046891,43.14514251,22.15036524,20.44946995,101.3681169,1023.410283
"380","DS11-04171",5595.046891,42.94514251,21.20036524,18.74946995,104.9395454,1023.981712
"381","DS11-04172",5662.421891,43.59514251,21.57536524,18.22446995,101.3681169,1023.838855
"382","DS11-04173",5568.921891,41.64514251,22.67536524,19.84946995,95.08240258,1022.838855
"383","DS11-04174",5943.046891,42.22014251,22.32536524,21.24946995,102.0824026,1020.124569
"384","DS11-04175",5733.546891,41.84514251,22.65036524,20.34946995,98.36811686,1025.410283
"385","DS11-04177",5841.796891,41.89514251,22.20036524,18.79946995,100.7966883,1025.55314
"386","DS11-04178",5017.546891,42.34514251,22.22536524,18.29946995,110.510974,1025.410283
"387","DS11-04179",5620.171891,42.27014251,22.17536524,18.44946995,109.510974,1021.267426
"388","DS11-04181",5743.171891,43.39514251,21.95036524,19.02446995,105.6538311,1025.55314
"389","DS11-04184",5858.671891,42.17014251,22.25036524,19.94946995,104.7966883,1025.410283
"390","DS11-04185",5486.171891,43.52014251,21.65036524,18.27446995,102.6538311,1025.838855
"391","DS11-04187",5506.671891,41.44514251,23.00036524,19.84946995,100.2252597,1023.55314
"392","DS11-04191",4996.796891,42.69514251,22.15036524,18.39946995,98.510974,1020.838855
"393","DS11-04192",5809.796891,43.24514251,21.82536524,18.99946995,98.36811686,1024.981712
"394","DS11-04194",5299.796891,41.69514251,22.12536524,20.02446995,106.0824026,1020.267426
"395","DS11-04195",5906.671891,42.42014251,22.15036524,20.82446995,93.65383115,1025.55314
"396","DS11-04201",5331.171891,42.24514251,22.42536524,17.92446995,106.7966883,1023.838855
"397","DS11-04204",5740.171891,40.97014251,22.65036524,19.87446995,99.08240258,1024.838855
"399","DS11-04206",5912.171891,42.12014251,22.17536524,20.29946995,105.3681169,1026.838855
"400","DS11-04207",5557.546891,41.92014251,22.27536524,18.69946995,100.510974,1025.267426
"401","DS11-04208",5458.421891,41.92014251,22.50036524,19.04946995,98.79668829,1023.695997
"402","DS11-04211",5537.296891,43.39514251,21.30036524,19.02446995,101.2252597,1042.277444
"403","DS11-04212",5656.921891,41.77014251,22.37536524,18.79946995,100.9395454,1026.695997
"405","DS11-04214",5411.546891,43.07014251,22.12536524,18.02446995,99.08240258,1024.838855
"406","DS11-04222",5427.046891,43.19514251,21.70036524,18.52446995,104.6538311,1025.695997
"407","DS11-04223",5515.421891,42.42014251,22.42536524,18.74946995,100.3681169,1024.124569
"408","DS11-04225",5462.921891,42.17014251,22.80036524,18.59946995,104.9395454,1025.124569
"5490","CL0J095-4-6",5142.307175,41.32742912,22.25379858,18.53017788,107.8342922,1016.189712
"409","DS11-05001",5156.416113,38.78834214,22.26942843,16.19008997,104.3959572,1003.718545
"410","DS11-05002",5194.716113,40.22834214,22.38942843,17.01008997,99.44644547,999.4963225
"411","DS11-05004",5225.316113,39.66834214,21.86942843,17.87008997,111.2848461,1004.940767
"413","DS11-05006",5463.116113,42.22834214,22.32942843,19.01008997,95.84040162,1010.657448
"414","DS11-05007",5570.216113,42.18834214,21.26942843,20.39008997,115.2848461,1003.829656
"415","DS11-05008",5168.216113,38.70834214,22.50942843,15.49008997,91.06262384,1008.532448
"416","DS11-05009",5160.016113,41.88834214,21.20942843,14.57008997,92.95151273,1000.2741
"417","DS11-05010",5658.884471,39.98834214,21.86942843,20.61008997,110.173735,1001.607434
"418","DS11-05011",5380.773359,40.38834214,22.06942843,17.69008997,95.50706828,998.4963225
"419","DS11-05012",5012.516113,41.38834214,22.12942843,16.39008997,99.28484606,999.4963225
"420","DS11-05013",5071.662248,42.52834214,21.28942843,18.81008997,105.6181794,1014.032448
"421","DS11-05015",5192.816113,40.78834214,21.46942843,16.51008997,94.06262384,1008.157448
"422","DS11-05016",5401.116113,40.20834214,22.24942843,18.37008997,100.173735,1000.385211
"423","DS11-05017",5491.216113,40.72834214,21.62942843,17.73008997,103.2848461,1004.051878
"424","DS11-05018",5682.416113,41.70834214,20.94942843,19.17008997,100.8404016,1011.907448
"425","DS11-05021",5650.616113,42.16834214,20.66942843,19.33008997,104.7292905,1005.718545
"426","DS11-05023",5549.316113,40.02834214,21.84942843,16.57008997,100.6181794,1003.607434
"427","DS11-05025",5418.916113,41.96834214,21.06942843,18.23008997,108.2848461,1004.718545
"428","DS11-05027",5092.216113,40.26834214,21.94942843,16.73008997,103.173735,998.3852114
"429","DS11-05028",5488.616113,39.78834214,21.44942843,15.41008997,97.72929051,1001.829656
"430","DS11-05029",5285.716113,40.32834214,22.28942843,17.99008997,102.5070683,1002.385211
"431","DS11-05030",5168.516113,39.86834214,22.10942843,18.07008997,94.72929051,999.6074336
"432","DS11-05035",5331.116113,41.32834214,21.58942843,19.75008997,99.06262384,1002.940767
"433","DS11-05036",5325.773359,40.56834214,22.06942843,16.79008997,93.95151273,999.6074336
"434","DS11-05037",5422.716113,40.34834214,22.12942843,16.31008997,96.84040162,1002.607434
"435","DS11-05039",5061.116113,41.06834214,22.34942843,17.17008997,96.50706828,998.3852114
"436","DS11-05040",5233.816113,41.90834214,21.68942843,18.43008997,105.6181794,1004.496322
"437","DS11-05041",5273.716113,40.12834214,21.94942843,16.11008997,106.9515127,1001.607434
"438","DS11-05042",5224.916113,39.60834214,21.98942843,15.35008997,102.9515127,1008.157448
"439","DS11-05043",5265.316113,41.56834214,21.54942843,16.69008997,102.8404016,1003.385211
"440","DS11-05044",5353.816113,40.62834214,21.68942843,17.11008997,96.28484606,1000.718545
"441","DS11-05046",5233.916113,39.42834214,22.36942843,17.21008997,96.06262384,998.9407669
"442","DS11-05047",5423.773359,39.60834214,22.60942843,16.25008997,102.8404016,1002.162989
"443","DS11-05048",5139.716113,40.24834214,21.90942843,17.23008997,100.2848461,1011.657448
"444","DS11-05049",5401.773359,39.74834214,22.00942843,15.89008997,98.17373495,1000.496322
"445","DS11-05052",5202.216113,42.48834214,21.08942843,18.73008997,101.9515127,1003.051878
"446","DS11-05053",5051.616113,40.52834214,21.48942843,15.51008997,101.5070683,999.7185447
"447","DS11-05055",5277.016113,40.92834214,21.54942843,17.39008997,101.0626238,999.7185447
"448","DS11-05056",5285.816113,40.22834214,22.32942843,18.77008997,107.7292905,999.7185447
"449","DS11-05058",5443.616113,41.36834214,21.34942843,20.11008997,111.173735,1003.162989
"450","DS11-05059",5346.216113,41.22834214,21.54942843,20.25008997,107.0626238,1000.051878
"451","DS11-05061",5136.516113,42.80834214,21.36942843,19.67008997,95.72929051,1001.496322
"452","DS11-05063",5582.116113,40.70834214,21.18942843,18.67008997,102.7292905,999.8296558
"453","DS11-05064",5425.416113,40.48834214,21.66942843,19.29008997,109.3959572,1000.2741
"454","DS11-05066",5192.616113,41.24834214,21.68942843,18.53008997,106.6181794,1000.496322
"455","DS11-05067",5257.116113,40.60834214,22.00942843,17.93008997,102.0626238,998.1629891
"456","DS11-05068",5184.716113,41.12834214,21.46942843,16.61008997,92.17373495,993.9407669
"457","DS11-05069",5107.316113,39.48834214,22.18942843,16.99008997,107.2848461,995.2741002
"458","DS11-05071",5368.516113,40.26834214,22.24942843,19.29008997,102.8404016,997.9407669
"459","DS11-05072",5418.616113,40.16834214,21.52942843,17.61008997,98.06262384,999.9407669
"460","DS11-05074",4931.116113,41.00834214,21.38942843,16.51008997,100.9515127,999.051878
"461","DS11-05075",4976.216113,40.70834214,21.54942843,16.49008997,100.6181794,998.7185447
"462","DS11-05076",5285.816113,40.48834214,22.20942843,17.51008997,108.6181794,998.9407669
"463","DS11-05078",5305.516113,40.80834214,21.48942843,18.13008997,94.50706828,998.6074336
"464","DS11-05079",5282.016113,40.10834214,21.64942843,16.09008997,100.2848461,1001.496322
"465","DS11-05080",5120.116113,39.26834214,21.96942843,17.05008997,103.3959572,998.9407669
"466","DS11-05081",5054.916113,40.30834214,21.74942843,16.27008997,109.173735,998.1629891
"467","DS11-05083",5022.016113,43.22834214,20.74942843,17.59008997,105.173735,1002.940767
"468","DS11-05084",5285.916113,40.32834214,22.08942843,17.45008997,103.9515127,997.8296558
"469","DS11-05085",5123.016113,40.44834214,22.10942843,18.19008997,108.0626238,998.8296558
"470","DS11-05086",4967.216113,40.72834214,22.18942843,18.47008997,96.84040162,999.051878
"471","DS11-05089",5172.516113,40.08834214,22.22942843,18.33008997,102.173735,999.051878
"472","DS11-05090",5023.916113,40.24834214,22.40942843,17.07008997,102.2848461,995.9407669
"473","DS11-05091",5124.516113,40.60834214,21.84942843,18.13008997,106.173735,996.6074336
"474","DS11-05093",5221.616113,40.92834214,21.38942843,16.97008997,105.5070683,1000.718545
"475","DS11-05094",4960.916113,40.76834214,21.78942843,16.63008997,105.7292905,1002.940767
"476","DS11-05095",5255.816113,40.20834214,21.60942843,19.01008997,107.2848461,1002.162989
"477","DS11-05096",4983.616113,41.60834214,20.82942843,15.21008997,101.7292905,1000.051878
"478","DS11-05098",5161.716113,40.58834214,22.06942843,18.43008997,102.2848461,1000.385211
"479","DS11-05108",5619.296891,43.82014251,22.12536524,18.39946995,109.2252597,1023.695997
"480","DS11-05110",5987.296891,41.29514251,23.10036524,19.99946995,107.0824026,1023.838855
"481","DS11-05111",5373.046891,43.49514251,20.65036524,17.57446995,99.79668829,1022.55314
"482","DS11-05113",6028.296891,42.12014251,21.87536524,17.67446995,110.3681169,1039.277444
"483","DS11-05114",5662.296891,42.12014251,22.40036524,17.34946995,109.0824026,1021.981712
"484","DS11-05117",5746.046891,43.34514251,22.12536524,21.94946995,102.0824026,1037.944111
"485","DS11-05118",5734.921891,43.09514251,22.10036524,17.64946995,95.65383115,1035.777444
"486","DS11-05119",5358.796891,42.62014251,22.00036524,16.47446995,101.2252597,1035.277444
"487","DS11-05121",5655.171891,42.47014251,21.85036524,19.57446995,92.36811686,1022.267426
"488","DS11-05122",5499.421891,41.14514251,22.47536524,20.09946995,97.93954543,1023.267426
"489","DS11-05123",5433.421891,42.84514251,21.25036524,16.14946995,100.3681169,1037.944111
"490","DS11-05124",5652.171891,41.97014251,22.30036524,20.04946995,117.3681169,1022.981712
"491","DS11-05125",5534.546891,42.27014251,22.07536524,16.62446995,101.510974,1019.695997
"492","DS11-05126",5716.546891,41.77014251,22.85036524,16.47446995,101.2252597,1021.267426
"493","DS11-05127",5649.921891,42.77014251,21.97536524,15.84946995,100.9395454,1022.55314
"494","DS11-05128",5602.921891,40.72014251,23.82536524,17.62446995,101.9395454,1033.444111
"495","DS11-05129",5663.296891,43.12014251,22.37536524,17.97446995,112.510974,1040.277444
"496","DS11-05130",5391.171891,42.39514251,22.10036524,16.09946995,106.3681169,1038.277444
"497","DS11-05133",5313.921891,40.67014251,23.50036524,18.12446995,106.6538311,1022.695997
"498","DS11-05134",5678.046891,42.29514251,22.02536524,20.64946995,102.7966883,1036.444111
"499","DS11-05135",4979.171891,43.64514251,21.62536524,16.24946995,105.510974,1033.944111
"500","DS11-05136",5207.296891,41.59514251,22.35036524,19.59946995,105.9395454,1021.695997
"501","DS11-05137",5793.171891,43.32014251,21.72536524,19.34946995,109.0824026,1040.444111
"502","DS11-05138",5241.046891,42.29514251,22.45036524,18.79946995,98.08240258,1019.55314
"503","DS11-05139",5651.796891,43.67014251,21.97536524,19.74946995,108.2252597,1038.777444
"504","DS11-05140",5679.421891,42.52014251,22.40036524,17.82446995,107.510974,1023.981712
"505","DS11-05141",5531.671891,42.72014251,22.02536524,18.62446995,106.510974,1037.944111
"506","DS11-05142",5218.296891,43.04514251,21.67536524,15.72446995,95.22525972,1037.110777
"507","DS11-05143",5725.046891,43.37014251,21.62536524,19.14946995,106.510974,1038.110777
"508","DS11-05145",5398.421891,43.22014251,21.75036524,17.39946995,108.510974,1022.55314
"509","DS11-05146",5438.421891,43.47014251,22.12536524,16.82446995,92.510974,1016.981712
"510","DS11-05147",5546.671891,42.74514251,22.40036524,18.07446995,103.510974,1037.610777
"511","DS11-05148",5756.421891,42.32014251,22.62536524,18.87446995,98.510974,1021.695997
"512","DS11-05149",5265.296891,41.99514251,22.30036524,16.82446995,106.7966883,1040.110777
"513","DS11-05150",5538.421891,42.99514251,22.12536524,18.57446995,92.93954543,1019.410283
"514","DS11-05151",5472.470382,40.82014251,22.40036524,19.54946995,100.4328179,1020.020992
"515","DS11-05152",5329.595382,41.72014251,22.67536524,17.62446995,103.7185322,1023.163849
"516","DS11-05153",5336.970382,41.07014251,23.07536524,20.24946995,105.2899607,1024.306707
"517","DS11-05155",5377.720382,42.14514251,22.47536524,16.57446995,106.8613893,1018.449564
"518","DS11-05156",5617.595382,41.89514251,22.70036524,17.34946995,109.0042464,1021.163849
"519","DS11-05157",5446.970382,43.17014251,22.35036524,18.42446995,111.7185322,1023.020992
"520","DS11-05158",5709.595382,43.12014251,21.67536524,20.57446995,111.4328179,1025.735278
"521","DS11-05160",5307.720382,41.89514251,22.95036524,19.54946995,103.0042464,1019.735278
"522","DS11-05165",4908.845382,41.84514251,22.57536524,16.94946995,109.575675,1020.449564
"523","DS11-05166",5509.720382,40.59514251,23.35036524,17.82446995,100.8613893,1021.878135
"524","DS11-05169",5942.095382,41.22014251,23.60036524,18.34946995,95.43281787,1020.163849
"525","DS11-05170",5305.220382,40.22014251,23.25036524,15.47446995,94.43281787,1018.306707
"526","DS11-05171",5263.970382,42.47014251,22.35036524,18.57446995,97.71853216,1021.592421
"527","DS11-05172",5580.595382,42.87014251,22.27536524,19.64946995,104.1471036,1023.449564
"528","DS11-05173",5363.595382,42.47014251,22.65036524,19.14946995,116.4328179,1018.878135
"529","DS11-05174",5200.595382,42.77014251,22.25036524,18.84946995,110.2899607,1022.592421
"530","DS11-05175",5967.970382,42.42014251,22.35036524,19.67446995,107.2899607,1022.449564
"531","DS11-05177",5361.970382,41.17014251,22.82536524,16.42446995,102.0042464,1019.306707
"532","DS11-05180",5614.720382,42.44514251,22.22536524,18.69946995,89.71853216,1019.163849
"533","DS11-05182",5359.845382,42.29514251,22.32536524,18.49946995,107.7185322,1019.306707
